"","Date","stage_ft","stage_QAcode"
"1",2018-10-01,4.35,"A"
"2",2018-10-02,4.34,"A"
"3",2018-10-03,4.32,"A"
"4",2018-10-04,4.3,"A"
"5",2018-10-05,4.31,"A"
"6",2018-10-06,4.34,"A"
"7",2018-10-07,4.39,"A"
"8",2018-10-08,4.55,"A"
"9",2018-10-09,7.11,"A"
"10",2018-10-10,10.51,"A"
"11",2018-10-11,12.37,"A"
"12",2018-10-12,13.21,"A"
"13",2018-10-13,12.86,"A"
"14",2018-10-14,12.2,"A"
"15",2018-10-15,11.14,"A"
"16",2018-10-16,9.01,"A"
"17",2018-10-17,7.67,"A"
"18",2018-10-18,7.16,"A"
"19",2018-10-19,6.81,"A"
"20",2018-10-20,6.5,"A"
"21",2018-10-21,6.27,"A"
"22",2018-10-22,6.08,"A"
"23",2018-10-23,5.9,"A"
"24",2018-10-24,5.76,"A"
"25",2018-10-25,5.68,"A"
"26",2018-10-26,5.56,"A"
"27",2018-10-27,5.45,"A"
"28",2018-10-28,5.38,"A"
"29",2018-10-29,5.31,"A"
"30",2018-10-30,5.26,"A"
"31",2018-10-31,5.19,"A"
"32",2018-11-01,5.16,"A"
"33",2018-11-02,5.13,"A"
"34",2018-11-03,5.1,"A"
"35",2018-11-04,5.07,"A"
"36",2018-11-05,5.05,"A"
"37",2018-11-06,5.02,"A"
"38",2018-11-07,4.99,"A"
"39",2018-11-08,4.99,"A"
"40",2018-11-09,4.97,"A"
"41",2018-11-10,4.96,"A"
"42",2018-11-11,4.94,"A"
"43",2018-11-12,4.92,"A"
"44",2018-11-13,4.9,"A"
"45",2018-11-14,4.89,"A"
"46",2018-11-15,4.88,"A"
"47",2018-11-16,4.87,"A"
"48",2018-11-17,4.85,"A"
"49",2018-11-18,4.84,"A"
"50",2018-11-19,4.83,"A"
"51",2018-11-20,4.82,"A"
"52",2018-11-21,4.81,"A"
"53",2018-11-22,4.81,"A"
"54",2018-11-23,4.81,"A"
"55",2018-11-24,4.8,"A"
"56",2018-11-25,4.8,"A"
"57",2018-11-26,4.78,"A"
"58",2018-11-27,4.78,"A"
"59",2018-11-28,4.78,"A"
"60",2018-11-29,4.77,"A"
"61",2018-11-30,4.78,"A"
"62",2018-12-01,4.8,"A"
"63",2018-12-02,4.77,"A"
"64",2018-12-03,4.76,"A"
"65",2018-12-04,4.76,"A"
"66",2018-12-05,4.76,"A"
"67",2018-12-06,4.75,"A"
"68",2018-12-07,4.75,"A"
"69",2018-12-08,4.75,"A"
"70",2018-12-09,4.75,"A"
"71",2018-12-10,4.75,"A"
"72",2018-12-11,4.76,"A"
"73",2018-12-12,4.73,"A"
"74",2018-12-13,4.71,"A"
"75",2018-12-14,4.69,"A"
"76",2018-12-15,4.69,"A"
"77",2018-12-16,4.68,"A"
"78",2018-12-17,4.68,"A"
"79",2018-12-18,4.69,"A"
"80",2018-12-19,4.68,"A"
"81",2018-12-20,4.68,"A"
"82",2018-12-21,4.68,"A"
"83",2018-12-22,4.67,"A"
"84",2018-12-23,4.67,"A"
"85",2018-12-24,4.67,"A"
"86",2018-12-25,4.67,"A"
"87",2018-12-26,4.71,"A"
"88",2018-12-27,4.77,"A"
"89",2018-12-28,4.78,"A"
"90",2018-12-29,5.38,"A"
"91",2018-12-30,5.23,"A"
"92",2018-12-31,5.1,"A"
"93",2019-01-01,5.51,"A"
"94",2019-01-02,5.71,"A"
"95",2019-01-03,5.56,"A"
"96",2019-01-04,5.41,"A"
"97",2019-01-05,5.14,"A"
"98",2019-01-06,5.07,"A"
"99",2019-01-07,5.01,"A"
"100",2019-01-08,4.95,"A"
"101",2019-01-09,4.9,"A"
"102",2019-01-10,4.86,"A"
"103",2019-01-11,4.86,"A"
"104",2019-01-12,4.88,"A"
"105",2019-01-13,4.84,"A"
"106",2019-01-14,4.83,"A"
"107",2019-01-15,4.84,"A"
"108",2019-01-16,4.84,"A"
"109",2019-01-17,4.82,"A"
"110",2019-01-18,4.82,"A"
"111",2019-01-19,4.81,"A"
"112",2019-01-20,4.84,"A"
"113",2019-01-21,4.81,"A"
"114",2019-01-22,4.8,"A"
"115",2019-01-23,4.85,"A"
"116",2019-01-24,4.76,"A"
"117",2019-01-25,4.78,"A"
"118",2019-01-26,4.76,"A"
"119",2019-01-27,4.76,"A"
"120",2019-01-28,4.76,"A"
"121",2019-01-29,4.74,"A"
"122",2019-01-30,4.76,"A"
"123",2019-01-31,4.77,"A"
"124",2019-02-01,4.7,"A"
"125",2019-02-02,4.7,"A"
"126",2019-02-03,4.71,"A"
"127",2019-02-04,4.71,"A"
"128",2019-02-05,4.69,"A"
"129",2019-02-06,4.69,"A"
"130",2019-02-07,5.21,"A"
"131",2019-02-08,4.98,"A"
"132",2019-02-09,4.86,"A"
"133",2019-02-10,4.69,"A"
"134",2019-02-11,4.67,"A"
"135",2019-02-12,4.66,"A"
"136",2019-02-13,4.66,"A"
"137",2019-02-14,4.66,"A"
"138",2019-02-15,4.65,"A"
"139",2019-02-16,4.65,"A"
"140",2019-02-17,4.66,"A"
"141",2019-02-18,4.65,"A"
"142",2019-02-19,4.63,"A"
"143",2019-02-20,4.62,"A"
"144",2019-02-21,4.61,"A"
"145",2019-02-22,4.61,"A"
"146",2019-02-23,4.64,"A"
"147",2019-02-24,4.63,"A"
"148",2019-02-25,4.62,"A"
"149",2019-02-26,4.64,"A"
"150",2019-02-27,4.84,"A"
"151",2019-02-28,4.77,"A"
"152",2019-03-01,4.62,"A"
"153",2019-03-02,4.6,"A"
"154",2019-03-03,4.64,"A"
"155",2019-03-04,4.73,"A"
"156",2019-03-05,4.79,"A"
"157",2019-03-06,4.64,"A"
"158",2019-03-07,4.62,"A"
"159",2019-03-08,4.61,"A"
"160",2019-03-09,4.62,"A"
"161",2019-03-10,4.67,"A"
"162",2019-03-11,5.19,"A"
"163",2019-03-12,5.38,"A"
"164",2019-03-13,5.27,"A"
"165",2019-03-14,5.29,"A"
"166",2019-03-15,5.22,"A"
"167",2019-03-16,5.16,"A"
"168",2019-03-17,5.12,"A"
"169",2019-03-18,5.09,"A"
"170",2019-03-19,5.09,"A"
"171",2019-03-20,5.02666666666667,"Gapfill"
"172",2019-03-21,4.96333333333333,"Gapfill"
"173",2019-03-22,4.9,"A"
"174",2019-03-23,4.87,"A"
"175",2019-03-24,4.83,"A"
"176",2019-03-25,4.8,"A"
"177",2019-03-26,4.77,"A"
"178",2019-03-27,4.76,"A"
"179",2019-03-28,4.75,"A"
"180",2019-03-29,4.74,"A"
"181",2019-03-30,4.73,"A"
"182",2019-03-31,4.72,"A"
"183",2019-04-01,4.71,"A"
"184",2019-04-02,4.71,"A"
"185",2019-04-03,4.71,"A"
"186",2019-04-04,4.7,"A"
"187",2019-04-05,4.69,"A"
"188",2019-04-06,4.68,"A"
"189",2019-04-07,4.67,"A"
"190",2019-04-08,4.66,"A"
"191",2019-04-09,4.65,"A"
"192",2019-04-10,4.65,"A"
"193",2019-04-11,4.63,"A"
"194",2019-04-12,4.62,"A"
"195",2019-04-13,4.61,"A"
"196",2019-04-14,4.61,"A"
"197",2019-04-15,4.61,"A"
"198",2019-04-16,4.6,"A"
"199",2019-04-17,4.59,"A"
"200",2019-04-18,4.58,"A"
"201",2019-04-19,4.57,"A"
"202",2019-04-20,4.56,"A"
"203",2019-04-21,4.56,"A"
"204",2019-04-22,4.56,"A"
"205",2019-04-23,4.54,"A"
"206",2019-04-24,4.54,"A"
"207",2019-04-25,4.53,"A"
"208",2019-04-26,4.52,"A"
"209",2019-04-27,4.52,"A"
"210",2019-04-28,4.52,"A"
"211",2019-04-29,4.55,"A"
"212",2019-04-30,4.56,"A"
"213",2019-05-01,4.65,"A"
"214",2019-05-02,4.69,"A"
"215",2019-05-03,4.67,"A"
"216",2019-05-04,4.63,"A"
"217",2019-05-05,4.6,"A"
"218",2019-05-06,4.66,"A"
"219",2019-05-07,6.8,"A"
"220",2019-05-08,8.775,"Gapfill"
"221",2019-05-09,10.75,"A"
"222",2019-05-10,10.43,"A"
"223",2019-05-11,9.32,"A"
"224",2019-05-12,8.44,"A"
"225",2019-05-13,7.91,"A"
"226",2019-05-14,7.3,"A"
"227",2019-05-15,6.83,"A"
"228",2019-05-16,6.5,"A"
"229",2019-05-17,6.28,"A"
"230",2019-05-18,6.18,"A"
"231",2019-05-19,5.98,"A"
"232",2019-05-20,5.99,"A"
"233",2019-05-21,8.07,"A"
"234",2019-05-22,11.86,"A"
"235",2019-05-23,13.38,"A"
"236",2019-05-24,14,"A"
"237",2019-05-25,14.15,"A"
"238",2019-05-26,14.2,"A"
"239",2019-05-27,14.27,"A"
"240",2019-05-28,14.47,"A"
"241",2019-05-29,14.51,"A"
"242",2019-05-30,14.25,"A"
"243",2019-05-31,13.75,"A"
"244",2019-06-01,12.56,"A"
"245",2019-06-02,10.67,"A"
"246",2019-06-03,9.24,"A"
"247",2019-06-04,8.4,"A"
"248",2019-06-05,7.94,"A"
"249",2019-06-06,7.65,"A"
"250",2019-06-07,7.42,"A"
"251",2019-06-08,7.23,"A"
"252",2019-06-09,7.2,"A"
"253",2019-06-10,7.11,"A"
"254",2019-06-11,6.79,"A"
"255",2019-06-12,6.62,"A"
"256",2019-06-13,6.47,"A"
"257",2019-06-14,6.31,"A"
"258",2019-06-15,6.2,"A"
"259",2019-06-16,6.08,"A"
"260",2019-06-17,5.98,"A"
"261",2019-06-18,6.67,"A"
"262",2019-06-19,8.3,"A"
"263",2019-06-20,7.2,"A"
"264",2019-06-21,6.78,"A"
"265",2019-06-22,7.45,"A"
"266",2019-06-23,8.43,"A"
"267",2019-06-24,8.11,"A"
"268",2019-06-25,7.69,"A"
"269",2019-06-26,7.73,"A"
"270",2019-06-27,7.8,"A"
"271",2019-06-28,7.32,"A"
"272",2019-06-29,6.73,"A"
"273",2019-06-30,6.39,"A"
"274",2019-07-01,6.15,"A"
"275",2019-07-02,5.99,"A"
"276",2019-07-03,5.93,"A"
"277",2019-07-04,5.92,"A"
"278",2019-07-05,5.79,"A"
"279",2019-07-06,5.92,"A"
"280",2019-07-07,6.77,"A"
"281",2019-07-08,6.7,"A"
"282",2019-07-09,6.23,"A"
"283",2019-07-10,6,"A"
"284",2019-07-11,5.88,"A"
"285",2019-07-12,5.71,"A"
"286",2019-07-13,5.57,"A"
"287",2019-07-14,5.48,"A"
"288",2019-07-15,5.4,"A"
"289",2019-07-16,5.35,"A"
"290",2019-07-17,5.31,"A"
"291",2019-07-18,5.26,"A"
"292",2019-07-19,5.21,"A"
"293",2019-07-20,5.17,"A"
"294",2019-07-21,5.14,"A"
"295",2019-07-22,5.11,"A"
"296",2019-07-23,5.06,"A"
"297",2019-07-24,5.05,"A"
"298",2019-07-25,5.02,"A"
"299",2019-07-26,5,"A"
"300",2019-07-27,4.98,"A"
"301",2019-07-28,4.96,"A"
"302",2019-07-29,4.94,"A"
"303",2019-07-30,4.91,"A"
"304",2019-07-31,4.89,"A"
"305",2019-08-01,4.87,"A"
"306",2019-08-02,4.85,"A"
"307",2019-08-03,4.84,"A"
"308",2019-08-04,4.82,"A"
"309",2019-08-05,4.81,"A"
"310",2019-08-06,4.79,"A"
"311",2019-08-07,4.78,"A"
"312",2019-08-08,4.77,"A"
"313",2019-08-09,4.77,"A"
"314",2019-08-10,4.77,"A"
"315",2019-08-11,4.76,"A"
"316",2019-08-12,4.74,"A"
"317",2019-08-13,4.75,"A"
"318",2019-08-14,4.8,"A"
"319",2019-08-15,4.76,"A"
"320",2019-08-16,4.75,"A"
"321",2019-08-17,4.76,"A"
"322",2019-08-18,4.77,"A"
"323",2019-08-19,4.76,"A"
"324",2019-08-20,4.8,"A"
"325",2019-08-21,4.89,"A"
"326",2019-08-22,4.91,"A"
"327",2019-08-23,4.92,"A"
"328",2019-08-24,8.65,"A"
"329",2019-08-25,9.67,"A"
"330",2019-08-26,8.58,"A"
"331",2019-08-27,7.7,"A"
"332",2019-08-28,7.02,"A"
"333",2019-08-29,6.24,"A"
"334",2019-08-30,5.77,"A"
"335",2019-08-31,5.54,"A"
"336",2019-09-01,5.4,"A"
"337",2019-09-02,5.3,"A"
"338",2019-09-03,5.22,"A"
"339",2019-09-04,5.15,"A"
"340",2019-09-05,5.1,"A"
"341",2019-09-06,5.06,"A"
"342",2019-09-07,5.03,"A"
"343",2019-09-08,5.02,"A"
"344",2019-09-09,5,"A"
"345",2019-09-10,4.98,"A"
"346",2019-09-11,4.96,"A"
"347",2019-09-12,4.93,"A"
"348",2019-09-13,4.9,"A"
"349",2019-09-14,4.88,"A"
"350",2019-09-15,4.85,"A"
"351",2019-09-16,4.83,"A"
"352",2019-09-17,4.8,"A"
"353",2019-09-18,4.78,"A"
"354",2019-09-19,4.76,"A"
"355",2019-09-20,4.75,"A"
"356",2019-09-21,4.73,"A"
"357",2019-09-22,4.72,"A"
"358",2019-09-23,4.71,"A"
"359",2019-09-24,4.77,"A"
"360",2019-09-25,4.75,"A"
"361",2019-09-26,4.72,"A"
"362",2019-09-27,4.72,"A"
"363",2019-09-28,4.72,"A"
"364",2019-09-29,4.74,"A"
"365",2019-09-30,4.7,"A"
"366",2019-10-01,4.74,"A"
"367",2019-10-02,4.74,"A"
"368",2019-10-03,4.7,"A"
"369",2019-10-04,4.73,"A"
"370",2019-10-05,4.72,"A"
"371",2019-10-06,4.69,"A"
"372",2019-10-07,4.68,"A"
"373",2019-10-08,4.67,"A"
"374",2019-10-09,4.67,"A"
"375",2019-10-10,4.66,"A"
"376",2019-10-11,4.65,"A"
"377",2019-10-12,4.65,"A"
"378",2019-10-13,4.64,"A"
"379",2019-10-14,4.64,"A"
"380",2019-10-15,4.63,"A"
"381",2019-10-16,4.63,"A"
"382",2019-10-17,4.64,"A"
"383",2019-10-18,4.63,"A"
"384",2019-10-19,4.62,"A"
"385",2019-10-20,4.62,"A"
"386",2019-10-21,4.61,"A"
"387",2019-10-22,4.6,"A"
"388",2019-10-23,4.6,"A"
"389",2019-10-24,4.59,"A"
"390",2019-10-25,4.61,"A"
"391",2019-10-26,4.63,"A"
"392",2019-10-27,4.61,"A"
"393",2019-10-28,4.6,"A"
"394",2019-10-29,4.61,"A"
"395",2019-10-30,4.6,"A"
"396",2019-10-31,4.6,"A"
"397",2019-11-01,4.6,"A"
"398",2019-11-02,4.6,"A"
"399",2019-11-03,4.62,"A"
"400",2019-11-04,4.61,"A"
"401",2019-11-05,4.61,"A"
"402",2019-11-06,4.62,"A"
"403",2019-11-07,4.61,"A"
"404",2019-11-08,4.63,"A"
"405",2019-11-09,4.62,"A"
"406",2019-11-10,4.63,"A"
"407",2019-11-11,4.62,"A"
"408",2019-11-12,4.62,"A"
"409",2019-11-13,4.66,"A"
"410",2019-11-14,4.64,"A"
"411",2019-11-15,4.65,"A"
"412",2019-11-16,4.66,"A"
"413",2019-11-17,4.66,"A"
"414",2019-11-18,4.67,"A"
"415",2019-11-19,4.67,"A"
"416",2019-11-20,4.68,"A"
"417",2019-11-21,4.68,"A"
"418",2019-11-22,4.7,"A"
"419",2019-11-23,4.72,"A"
"420",2019-11-24,4.73,"A"
"421",2019-11-25,4.73,"A"
"422",2019-11-26,4.74,"A"
"423",2019-11-27,4.73,"A"
"424",2019-11-28,4.73,"A"
"425",2019-11-29,4.74,"A"
"426",2019-11-30,4.75,"A"
"427",2019-12-01,4.73,"A"
"428",2019-12-02,4.73,"A"
"429",2019-12-03,4.73,"A"
"430",2019-12-04,4.74,"A"
"431",2019-12-05,4.75,"A"
"432",2019-12-06,4.72,"A"
"433",2019-12-07,4.72,"A"
"434",2019-12-08,4.73,"A"
"435",2019-12-09,4.73,"A"
"436",2019-12-10,4.7,"A"
"437",2019-12-11,4.7,"A"
"438",2019-12-12,4.7,"A"
"439",2019-12-13,4.7,"A"
"440",2019-12-14,4.69,"A"
"441",2019-12-15,4.69,"A"
"442",2019-12-16,4.7,"A"
"443",2019-12-17,4.69,"A"
"444",2019-12-18,4.69,"A"
"445",2019-12-19,4.7,"A"
"446",2019-12-20,4.69,"A"
"447",2019-12-21,4.69,"A"
"448",2019-12-22,4.7,"A"
"449",2019-12-23,4.7,"A"
"450",2019-12-24,4.71,"A"
"451",2019-12-25,4.71,"A"
"452",2019-12-26,4.69,"A"
"453",2019-12-27,4.71,"A"
"454",2019-12-28,4.85,"A"
"455",2019-12-29,4.82,"A"
"456",2019-12-30,4.8,"A"
"457",2019-12-31,4.79,"A"
"458",2020-01-01,4.79,"A"
"459",2020-01-02,4.79,"A"
"460",2020-01-03,4.78,"A"
"461",2020-01-04,4.8,"A"
"462",2020-01-05,4.8,"A"
"463",2020-01-06,4.81,"A"
"464",2020-01-07,4.8,"A"
"465",2020-01-08,4.8,"A"
"466",2020-01-09,4.79,"A"
"467",2020-01-10,4.79,"A"
"468",2020-01-11,4.79,"A"
"469",2020-01-12,4.76,"A"
"470",2020-01-13,4.76,"A"
"471",2020-01-14,4.75,"A"
"472",2020-01-15,4.74,"A"
"473",2020-01-16,4.73,"A"
"474",2020-01-17,4.76,"A"
"475",2020-01-18,4.75,"A"
"476",2020-01-19,4.74,"A"
"477",2020-01-20,4.73,"A"
"478",2020-01-21,4.73,"A"
"479",2020-01-22,4.76,"A"
"480",2020-01-23,4.76,"A"
"481",2020-01-24,4.75,"A"
"482",2020-01-25,4.75,"A"
"483",2020-01-26,4.75,"A"
"484",2020-01-27,4.76,"A"
"485",2020-01-28,4.78,"A"
"486",2020-01-29,4.78,"A"
"487",2020-01-30,4.78,"A"
"488",2020-01-31,4.78,"A"
"489",2020-02-01,4.78,"A"
"490",2020-02-02,4.78,"A"
"491",2020-02-03,4.79,"A"
"492",2020-02-04,4.78,"A"
"493",2020-02-05,4.78,"A"
"494",2020-02-06,4.79,"A"
"495",2020-02-07,4.79,"A"
"496",2020-02-08,4.78,"A"
"497",2020-02-09,4.78,"A"
"498",2020-02-10,4.77,"A"
"499",2020-02-11,4.78,"A"
"500",2020-02-12,4.79,"A"
"501",2020-02-13,4.77,"A"
"502",2020-02-14,4.8,"A"
"503",2020-02-15,4.77,"A"
"504",2020-02-16,4.76,"A"
"505",2020-02-17,4.76,"A"
"506",2020-02-18,4.75,"A"
"507",2020-02-19,4.75,"A"
"508",2020-02-20,4.75,"A"
"509",2020-02-21,4.76,"A"
"510",2020-02-22,4.77,"A"
"511",2020-02-23,4.79,"A"
"512",2020-02-24,4.91,"A"
"513",2020-02-25,4.9,"A"
"514",2020-02-26,4.88,"A"
"515",2020-02-27,4.88,"A"
"516",2020-02-28,4.87,"A"
"517",2020-02-29,4.87,"A"
"518",2020-03-01,4.89,"A"
"519",2020-03-02,4.9,"A"
"520",2020-03-03,4.92,"A"
"521",2020-03-04,4.93,"A"
"522",2020-03-05,4.93,"A"
"523",2020-03-06,4.93,"A"
"524",2020-03-07,4.94,"A"
"525",2020-03-08,4.96,"A"
"526",2020-03-09,4.97,"A"
"527",2020-03-10,4.96,"A"
"528",2020-03-11,4.97,"A"
"529",2020-03-12,4.97,"A"
"530",2020-03-13,4.95,"A"
"531",2020-03-14,4.96,"A"
"532",2020-03-15,4.94,"A"
"533",2020-03-16,4.94,"A"
"534",2020-03-17,4.93,"A"
"535",2020-03-18,4.92,"A"
"536",2020-03-19,4.91,"A"
"537",2020-03-20,4.87,"A"
"538",2020-03-21,4.86,"A"
"539",2020-03-22,4.87,"A"
"540",2020-03-23,4.87,"A"
"541",2020-03-24,4.88,"A"
"542",2020-03-25,4.87,"A"
"543",2020-03-26,4.85,"A"
"544",2020-03-27,4.84,"A"
"545",2020-03-28,4.84,"A"
"546",2020-03-29,4.81,"A"
"547",2020-03-30,4.81,"A"
"548",2020-03-31,4.79,"A"
"549",2020-04-01,4.78,"A"
"550",2020-04-02,4.78,"A"
"551",2020-04-03,4.76,"A"
"552",2020-04-04,4.77,"A"
"553",2020-04-05,4.76,"A"
"554",2020-04-06,4.76,"A"
"555",2020-04-07,4.75,"A"
"556",2020-04-08,4.74,"A"
"557",2020-04-09,4.72,"A"
"558",2020-04-10,4.71,"A"
"559",2020-04-11,4.7,"A"
"560",2020-04-12,4.69,"A"
"561",2020-04-13,4.65,"A"
"562",2020-04-14,4.65,"A"
"563",2020-04-15,4.65,"A"
"564",2020-04-16,4.65,"A"
"565",2020-04-17,4.63,"A"
"566",2020-04-18,4.64,"A"
"567",2020-04-19,4.65,"A"
"568",2020-04-20,4.63,"A"
"569",2020-04-21,4.61,"A"
"570",2020-04-22,4.62,"A"
"571",2020-04-23,4.61,"A"
"572",2020-04-24,4.6,"A"
"573",2020-04-25,4.58,"A"
"574",2020-04-26,4.59,"A"
"575",2020-04-27,4.57,"A"
"576",2020-04-28,4.56,"A"
"577",2020-04-29,4.54,"A"
"578",2020-04-30,4.53,"A"
"579",2020-05-01,4.53,"A"
"580",2020-05-02,4.52,"A"
"581",2020-05-03,4.52,"A"
"582",2020-05-04,4.52,"A"
"583",2020-05-05,4.51,"A"
"584",2020-05-06,4.51,"A"
"585",2020-05-07,4.52,"A"
"586",2020-05-08,4.51,"A"
"587",2020-05-09,4.5,"A"
"588",2020-05-10,4.49,"A"
"589",2020-05-11,4.52,"A"
"590",2020-05-12,4.63,"A"
"591",2020-05-13,4.57,"A"
"592",2020-05-14,4.55,"A"
"593",2020-05-15,4.54,"A"
"594",2020-05-16,4.52,"A"
"595",2020-05-17,4.51,"A"
"596",2020-05-18,4.5,"A"
"597",2020-05-19,4.5,"A"
"598",2020-05-20,4.49,"A"
"599",2020-05-21,4.49,"A"
"600",2020-05-22,4.57,"A"
"601",2020-05-23,4.52,"A"
"602",2020-05-24,4.52,"A"
"603",2020-05-25,5.04,"A"
"604",2020-05-26,5.75,"A"
"605",2020-05-27,5.25,"A"
"606",2020-05-28,4.97,"A"
"607",2020-05-29,4.81,"A"
"608",2020-05-30,4.75,"A"
"609",2020-05-31,4.71,"A"
"610",2020-06-01,4.63,"A"
"611",2020-06-02,4.58,"A"
"612",2020-06-03,4.54,"A"
"613",2020-06-04,4.5,"A"
"614",2020-06-05,4.45,"A"
"615",2020-06-06,4.41,"A"
"616",2020-06-07,4.36,"A"
"617",2020-06-08,4.33,"A"
"618",2020-06-09,4.32,"A"
"619",2020-06-10,4.33,"A"
"620",2020-06-11,4.3,"A"
"621",2020-06-12,4.29,"A"
"622",2020-06-13,4.28,"A"
"623",2020-06-14,4.26,"A"
"624",2020-06-15,4.24,"A"
"625",2020-06-16,4.23,"A"
"626",2020-06-17,4.22,"A"
"627",2020-06-18,4.2,"A"
"628",2020-06-19,4.28,"A"
"629",2020-06-20,4.24,"A"
"630",2020-06-21,4.34,"A"
"631",2020-06-22,6.35,"A"
"632",2020-06-23,6.95,"A"
"633",2020-06-24,6.96,"A"
"634",2020-06-25,7.23,"A"
"635",2020-06-26,7.23,"A"
"636",2020-06-27,6.7,"A"
"637",2020-06-28,6.28,"A"
"638",2020-06-29,5.91,"A"
"639",2020-06-30,5.57,"A"
"640",2020-07-01,5.32,"A"
"641",2020-07-02,5.14,"A"
"642",2020-07-03,5.09,"A"
"643",2020-07-04,4.96,"A"
"644",2020-07-05,4.87,"A"
"645",2020-07-06,4.82,"A"
"646",2020-07-07,4.76,"A"
"647",2020-07-08,4.69,"A"
"648",2020-07-09,4.61,"A"
"649",2020-07-10,4.63,"A"
"650",2020-07-11,4.55,"A"
"651",2020-07-12,4.51,"A"
"652",2020-07-13,4.48,"A"
"653",2020-07-14,4.45,"A"
"654",2020-07-15,4.45,"A"
"655",2020-07-16,4.42,"A"
"656",2020-07-17,4.4,"A"
"657",2020-07-18,4.37,"A"
"658",2020-07-19,4.75,"A"
"659",2020-07-20,5.11,"A"
"660",2020-07-21,5.49,"A"
"661",2020-07-22,6.29,"A"
"662",2020-07-23,7.13,"A"
"663",2020-07-24,7.44,"A"
"664",2020-07-25,6.71,"A"
"665",2020-07-26,6.15,"A"
"666",2020-07-27,5.86,"A"
"667",2020-07-28,5.6,"A"
"668",2020-07-29,5.5,"A"
"669",2020-07-30,6.18,"A"
"670",2020-07-31,6.15,"A"
"671",2020-08-01,5.9,"A"
"672",2020-08-02,5.82,"A"
"673",2020-08-03,5.69,"A"
"674",2020-08-04,5.45,"A"
"675",2020-08-05,5.27,"A"
"676",2020-08-06,5.12,"A"
"677",2020-08-07,5.01,"A"
"678",2020-08-08,4.9,"A"
"679",2020-08-09,4.81,"A"
"680",2020-08-10,4.74,"A"
"681",2020-08-11,4.69,"A"
"682",2020-08-12,4.65,"A"
"683",2020-08-13,4.61,"A"
"684",2020-08-14,4.58,"A"
"685",2020-08-15,4.6,"A"
"686",2020-08-16,4.64,"A"
"687",2020-08-17,4.6,"A"
"688",2020-08-18,4.55,"A"
"689",2020-08-19,4.53,"A"
"690",2020-08-20,4.5,"A"
"691",2020-08-21,4.48,"A"
"692",2020-08-22,4.45,"A"
"693",2020-08-23,4.43,"A"
"694",2020-08-24,4.4,"A"
"695",2020-08-25,4.37,"A"
"696",2020-08-26,4.34,"A"
"697",2020-08-27,4.32,"A"
"698",2020-08-28,4.3,"A"
"699",2020-08-29,4.45,"A"
"700",2020-08-30,4.34,"A"
"701",2020-08-31,4.32,"A"
"702",2020-09-01,4.35,"A"
"703",2020-09-02,4.35,"A"
"704",2020-09-03,4.32,"A"
"705",2020-09-04,4.3,"A"
"706",2020-09-05,4.29,"A"
"707",2020-09-06,4.27,"A"
"708",2020-09-07,4.26,"A"
"709",2020-09-08,4.26,"A"
"710",2020-09-09,4.32,"A"
"711",2020-09-10,4.34,"A"
"712",2020-09-11,4.33,"A"
"713",2020-09-12,4.31,"A"
"714",2020-09-13,4.28,"A"
"715",2020-09-14,4.26,"A"
"716",2020-09-15,4.24,"A"
"717",2020-09-16,4.23,"A"
"718",2020-09-17,4.22,"A"
"719",2020-09-18,4.21,"A"
"720",2020-09-19,4.2,"A"
"721",2020-09-20,4.19,"A"
"722",2020-09-21,4.18,"A"
"723",2020-09-22,4.17,"A"
"724",2020-09-23,4.17,"A"
"725",2020-09-24,4.17,"A"
"726",2020-09-25,4.16,"A"
"727",2020-09-26,4.15,"A"
"728",2020-09-27,4.14,"A"
"729",2020-09-28,4.13,"A"
"730",2020-09-29,4.13,"A"
"731",2020-09-30,4.13,"A"
"732",2020-10-01,4.12,"A"
"733",2020-10-02,4.12,"A"
"734",2020-10-03,4.12,"A"
"735",2020-10-04,4.11,"A"
"736",2020-10-05,4.11,"A"
"737",2020-10-06,4.11,"A"
"738",2020-10-07,4.1,"A"
"739",2020-10-08,4.1,"A"
"740",2020-10-09,4.09,"A"
"741",2020-10-10,4.09,"A"
"742",2020-10-11,4.09,"A"
"743",2020-10-12,4.08,"A"
"744",2020-10-13,4.08,"A"
"745",2020-10-14,4.09,"A"
"746",2020-10-15,4.08,"A"
"747",2020-10-16,4.1,"A"
"748",2020-10-17,4.12,"A"
"749",2020-10-18,4.1,"A"
"750",2020-10-19,4.11,"A"
"751",2020-10-20,4.11,"A"
"752",2020-10-21,4.12,"A"
"753",2020-10-22,4.13,"A"
"754",2020-10-23,4.11,"A"
"755",2020-10-24,4.12,"A"
"756",2020-10-25,4.13,"A"
"757",2020-10-26,4.13,"A"
"758",2020-10-27,4.14,"A"
"759",2020-10-28,4.15,"A"
"760",2020-10-29,4.15,"A"
"761",2020-10-30,4.14,"A"
"762",2020-10-31,4.15,"A"
"763",2020-11-01,4.14,"A"
"764",2020-11-02,4.16,"A"
"765",2020-11-03,4.17,"A"
"766",2020-11-04,4.16,"A"
"767",2020-11-05,4.15,"A"
"768",2020-11-06,4.16,"A"
"769",2020-11-07,4.16,"A"
"770",2020-11-08,4.12,"A"
"771",2020-11-09,4.12,"A"
"772",2020-11-10,4.16,"A"
"773",2020-11-11,4.13,"A"
"774",2020-11-12,4.13,"A"
"775",2020-11-13,4.12,"A"
"776",2020-11-14,4.13,"A"
"777",2020-11-15,4.11,"A"
"778",2020-11-16,4.11,"A"
"779",2020-11-17,4.12,"A"
"780",2020-11-18,4.12,"A"
"781",2020-11-19,4.12,"A"
"782",2020-11-20,4.1,"A"
"783",2020-11-21,4.12,"A"
"784",2020-11-22,4.14,"A"
"785",2020-11-23,4.16,"A"
"786",2020-11-24,4.17,"A"
"787",2020-11-25,4.21,"A"
"788",2020-11-26,4.15,"A"
"789",2020-11-27,4.13,"A"
"790",2020-11-28,4.14,"A"
"791",2020-11-29,4.14,"A"
"792",2020-11-30,4.12,"A"
"793",2020-12-01,4.12,"A"
"794",2020-12-02,4.12,"A"
"795",2020-12-03,4.11,"A"
"796",2020-12-04,4.11,"A"
"797",2020-12-05,4.12,"A"
"798",2020-12-06,4.12,"A"
"799",2020-12-07,4.12,"A"
"800",2020-12-08,4.1,"A"
"801",2020-12-09,4.1,"A"
"802",2020-12-10,4.1,"A"
"803",2020-12-11,4.09,"A"
"804",2020-12-12,4.09,"A"
"805",2020-12-13,4.09,"A"
"806",2020-12-14,4.09,"A"
"807",2020-12-15,4.09,"A"
"808",2020-12-16,4.1,"A"
"809",2020-12-17,4.09,"A"
"810",2020-12-18,4.1,"A"
"811",2020-12-19,4.1,"A"
"812",2020-12-20,4.11,"A"
"813",2020-12-21,4.12,"A"
"814",2020-12-22,4.13,"A"
"815",2020-12-23,4.14,"A"
"816",2020-12-24,4.12,"A"
"817",2020-12-25,4.13,"A"
"818",2020-12-26,4.14,"A"
"819",2020-12-27,4.15,"A"
"820",2020-12-28,4.14,"A"
"821",2020-12-29,4.16,"A"
"822",2020-12-30,4.16,"A"
"823",2020-12-31,4.15,"A"
"824",2021-01-01,4.15,"A"
"825",2021-01-02,4.15,"A"
"826",2021-01-03,4.16,"A"
"827",2021-01-04,4.16,"A"
"828",2021-01-05,4.16,"A"
"829",2021-01-06,4.15,"A"
"830",2021-01-07,4.15,"A"
"831",2021-01-08,4.15,"A"
"832",2021-01-09,4.16,"A"
"833",2021-01-10,4.18,"A"
"834",2021-01-11,4.17,"A"
"835",2021-01-12,4.16,"A"
"836",2021-01-13,4.17,"A"
"837",2021-01-14,4.17,"A"
"838",2021-01-15,4.16,"A"
"839",2021-01-16,4.15,"A"
"840",2021-01-17,4.15,"A"
"841",2021-01-18,4.15,"A"
"842",2021-01-19,4.15,"A"
"843",2021-01-20,4.16,"A"
"844",2021-01-21,4.16,"A"
"845",2021-01-22,4.15,"A"
"846",2021-01-23,4.16,"A"
"847",2021-01-24,4.15,"A"
"848",2021-01-25,4.17,"A"
"849",2021-01-26,4.165,"Gapfill"
"850",2021-01-27,4.16,"Gapfill"
"851",2021-01-28,4.155,"Gapfill"
"852",2021-01-29,4.15,"A"
"853",2021-01-30,4.16,"A"
"854",2021-01-31,4.15,"A"
"855",2021-02-01,4.15,"A"
"856",2021-02-02,4.16,"A"
"857",2021-02-03,4.16,"A"
"858",2021-02-04,4.16,"A"
"859",2021-02-05,4.17,"A"
"860",2021-02-06,4.16,"A"
"861",2021-02-07,4.3,"A"
"862",2021-02-08,4.45,"A"
"863",2021-02-09,4.39,"A"
"864",2021-02-10,4.38,"A"
"865",2021-02-11,4.38,"A"
"866",2021-02-12,4.42,"A"
"867",2021-02-13,4.47,"A"
"868",2021-02-14,4.44,"A"
"869",2021-02-15,4.46,"A"
"870",2021-02-16,4.58,"A"
"871",2021-02-17,4.61,"A"
"872",2021-02-18,4.63,"Gapfill"
"873",2021-02-19,4.65,"A"
"874",2021-02-20,4.61,"A"
"875",2021-02-21,4.51,"A"
"876",2021-02-22,4.35,"A"
"877",2021-02-23,4.19,"A"
"878",2021-02-24,4.18,"A"
"879",2021-02-25,4.18,"A"
"880",2021-02-26,4.18,"A"
"881",2021-02-27,4.19,"A"
"882",2021-02-28,4.19,"A"
"883",2021-03-01,4.19,"A"
"884",2021-03-02,4.21,"A"
"885",2021-03-03,4.21,"A"
"886",2021-03-04,4.22,"A"
"887",2021-03-05,4.24,"A"
"888",2021-03-06,4.23,"A"
"889",2021-03-07,4.21,"A"
"890",2021-03-08,4.2,"A"
"891",2021-03-09,4.2,"A"
"892",2021-03-10,4.2,"A"
"893",2021-03-11,4.19,"A"
"894",2021-03-12,4.21,"A"
"895",2021-03-13,4.22,"A"
"896",2021-03-14,4.35,"A"
"897",2021-03-15,4.34,"A"
"898",2021-03-16,4.33,"A"
"899",2021-03-17,4.34,"A"
"900",2021-03-18,4.34,"A"
"901",2021-03-19,4.36,"A"
"902",2021-03-20,4.38,"A"
"903",2021-03-21,4.41,"A"
"904",2021-03-22,4.54,"A"
"905",2021-03-23,4.7,"A"
"906",2021-03-24,5.14,"A"
"907",2021-03-25,5.23,"A"
"908",2021-03-26,5.53,"A"
"909",2021-03-27,5.56,"A"
"910",2021-03-28,5.54,"A"
"911",2021-03-29,5.39,"A"
"912",2021-03-30,5.23,"A"
"913",2021-03-31,5.08,"A"
"914",2021-04-01,4.96,"A"
"915",2021-04-02,4.88,"A"
"916",2021-04-03,4.83,"A"
"917",2021-04-04,4.8,"A"
"918",2021-04-05,4.75,"A"
"919",2021-04-06,4.67,"A"
"920",2021-04-07,4.64,"A"
"921",2021-04-08,4.61,"A"
"922",2021-04-09,4.58,"A"
"923",2021-04-10,4.56,"A"
"924",2021-04-11,4.53,"A"
"925",2021-04-12,4.49,"A"
"926",2021-04-13,4.47,"A"
"927",2021-04-14,4.46,"A"
"928",2021-04-15,4.45,"A"
"929",2021-04-16,4.45,"A"
"930",2021-04-17,4.44,"A"
"931",2021-04-18,4.43,"A"
"932",2021-04-19,4.42,"A"
"933",2021-04-20,4.42,"A"
"934",2021-04-21,4.42,"A"
"935",2021-04-22,4.42,"A"
"936",2021-04-23,4.41,"A"
"937",2021-04-24,4.41,"A"
"938",2021-04-25,4.42,"A"
"939",2021-04-26,4.42,"A"
"940",2021-04-27,4.41,"A"
"941",2021-04-28,4.4,"A"
"942",2021-04-29,4.39,"A"
"943",2021-04-30,4.38,"A"
"944",2021-05-01,4.37,"A"
"945",2021-05-02,4.36,"A"
"946",2021-05-03,4.46,"A"
"947",2021-05-04,4.43,"A"
"948",2021-05-05,4.43,"A"
"949",2021-05-06,4.41,"A"
"950",2021-05-07,4.4,"A"
"951",2021-05-08,4.39,"A"
"952",2021-05-09,4.37,"A"
"953",2021-05-10,4.36,"A"
"954",2021-05-11,4.38,"A"
"955",2021-05-12,4.37,"A"
"956",2021-05-13,4.36,"A"
"957",2021-05-14,4.36,"A"
"958",2021-05-15,4.43,"A"
"959",2021-05-16,4.47,"A"
"960",2021-05-17,4.4,"A"
"961",2021-05-18,4.45,"A"
"962",2021-05-19,6.11,"A"
"963",2021-05-20,8.01,"A"
"964",2021-05-21,6.44,"A"
"965",2021-05-22,5.6,"A"
"966",2021-05-23,5.3,"A"
"967",2021-05-24,5.11,"A"
"968",2021-05-25,4.97,"A"
"969",2021-05-26,4.85,"A"
"970",2021-05-27,4.78,"A"
"971",2021-05-28,4.78,"A"
"972",2021-05-29,4.78,"A"
"973",2021-05-30,4.79,"A"
"974",2021-05-31,4.78,"A"
"975",2021-06-01,4.77,"A"
"976",2021-06-02,4.71,"A"
"977",2021-06-03,4.62,"A"
"978",2021-06-04,4.59,"A"
"979",2021-06-05,4.58,"A"
"980",2021-06-06,4.57,"A"
"981",2021-06-07,4.56,"A"
"982",2021-06-08,4.54,"A"
"983",2021-06-09,4.51,"A"
"984",2021-06-10,4.49,"A"
"985",2021-06-11,4.46,"A"
"986",2021-06-12,4.44,"A"
"987",2021-06-13,4.42,"A"
"988",2021-06-14,4.4,"A"
"989",2021-06-15,4.37,"A"
"990",2021-06-16,4.35,"A"
"991",2021-06-17,4.32,"A"
"992",2021-06-18,4.29,"A"
"993",2021-06-19,4.27,"A"
"994",2021-06-20,4.24,"A"
"995",2021-06-21,4.22,"A"
"996",2021-06-22,4.2,"A"
"997",2021-06-23,4.18,"A"
"998",2021-06-24,4.16,"A"
"999",2021-06-25,4.2,"A"
"1000",2021-06-26,4.3,"A"
"1001",2021-06-27,4.2,"A"
"1002",2021-06-28,4.18,"A"
"1003",2021-06-29,4.18,"A"
"1004",2021-06-30,4.2,"A"
"1005",2021-07-01,4.44,"A"
"1006",2021-07-02,4.53,"A"
"1007",2021-07-03,6.5,"A"
"1008",2021-07-04,6.19,"A"
"1009",2021-07-05,5.45,"A"
"1010",2021-07-06,5.11,"A"
"1011",2021-07-07,4.95,"A"
"1012",2021-07-08,4.87,"A"
"1013",2021-07-09,4.77,"A"
"1014",2021-07-10,4.69,"A"
"1015",2021-07-11,4.62,"A"
"1016",2021-07-12,4.55,"A"
"1017",2021-07-13,4.49,"A"
"1018",2021-07-14,4.43,"A"
"1019",2021-07-15,4.42,"A"
"1020",2021-07-16,4.37,"A"
"1021",2021-07-17,4.33,"A"
"1022",2021-07-18,4.35,"A"
"1023",2021-07-19,4.29,"A"
"1024",2021-07-20,4.44,"A"
"1025",2021-07-21,4.54,"A"
"1026",2021-07-22,4.43,"A"
"1027",2021-07-23,4.36,"A"
"1028",2021-07-24,4.3,"A"
"1029",2021-07-25,4.26,"A"
"1030",2021-07-26,4.22,"A"
"1031",2021-07-27,4.18,"A"
"1032",2021-07-28,4.15,"A"
"1033",2021-07-29,4.12,"A"
"1034",2021-07-30,4.1,"A"
"1035",2021-07-31,4.08,"A"
"1036",2021-08-01,4.06,"A"
"1037",2021-08-02,4.05,"A"
"1038",2021-08-03,4.03,"A"
"1039",2021-08-04,4.02,"A"
"1040",2021-08-05,4,"A"
"1041",2021-08-06,3.99,"A"
"1042",2021-08-07,3.98,"A"
"1043",2021-08-08,3.98,"A"
"1044",2021-08-09,3.95,"A"
"1045",2021-08-10,3.94,"A"
"1046",2021-08-11,3.94,"A"
"1047",2021-08-12,3.91,"A"
"1048",2021-08-13,4,"A"
"1049",2021-08-14,3.96,"A"
"1050",2021-08-15,3.94,"A"
"1051",2021-08-16,3.97,"A"
"1052",2021-08-17,3.95,"A"
"1053",2021-08-18,3.92,"A"
"1054",2021-08-19,3.93,"A"
"1055",2021-08-20,3.92,"A"
"1056",2021-08-21,3.89,"A"
"1057",2021-08-22,3.86,"A"
"1058",2021-08-23,3.83,"A"
"1059",2021-08-24,3.86,"A"
"1060",2021-08-25,4.36,"A"
"1061",2021-08-26,4.37,"A"
"1062",2021-08-27,4.33,"A"
"1063",2021-08-28,4.28,"A"
"1064",2021-08-29,4.26,"A"
"1065",2021-08-30,4.21,"A"
"1066",2021-08-31,4.17,"A"
"1067",2021-09-01,4.12,"A"
"1068",2021-09-02,4.08,"A"
"1069",2021-09-03,4.07,"A"
"1070",2021-09-04,4.13,"A"
"1071",2021-09-05,4.05,"A"
"1072",2021-09-06,4.02,"A"
"1073",2021-09-07,3.99,"A"
"1074",2021-09-08,3.97,"A"
"1075",2021-09-09,3.95,"A"
"1076",2021-09-10,3.93,"A"
"1077",2021-09-11,3.9,"A"
"1078",2021-09-12,3.87,"A"
"1079",2021-09-13,3.85,"A"
"1080",2021-09-14,3.86,"A"
"1081",2021-09-15,4.12,"A"
"1082",2021-09-16,3.98,"A"
"1083",2021-09-17,3.95,"A"
"1084",2021-09-18,3.92,"A"
"1085",2021-09-19,3.9,"A"
"1086",2021-09-20,3.89,"A"
"1087",2021-09-21,3.86,"A"
"1088",2021-09-22,3.85,"A"
"1089",2021-09-23,3.84,"A"
"1090",2021-09-24,3.81,"A"
"1091",2021-09-25,3.82,"A"
"1092",2021-09-26,3.8,"A"
"1093",2021-09-27,3.77,"A"
"1094",2021-09-28,3.76,"A"
"1095",2021-09-29,3.76,"A"
"1096",2021-09-30,3.79,"A"
