"","agency_cd","site_no","Date","X_00065_00003","X_00065_00003_cd"
"1","USGS","07141220",2018-10-01,4.35,"A"
"2","USGS","07141220",2018-10-02,4.34,"A"
"3","USGS","07141220",2018-10-03,4.32,"A"
"4","USGS","07141220",2018-10-04,4.3,"A"
"5","USGS","07141220",2018-10-05,4.31,"A"
"6","USGS","07141220",2018-10-06,4.34,"A"
"7","USGS","07141220",2018-10-07,4.39,"A"
"8","USGS","07141220",2018-10-08,4.55,"A"
"9","USGS","07141220",2018-10-09,7.11,"A"
"10","USGS","07141220",2018-10-10,10.51,"A"
"11","USGS","07141220",2018-10-11,12.37,"A"
"12","USGS","07141220",2018-10-12,13.21,"A"
"13","USGS","07141220",2018-10-13,12.86,"A"
"14","USGS","07141220",2018-10-14,12.2,"A"
"15","USGS","07141220",2018-10-15,11.14,"A"
"16","USGS","07141220",2018-10-16,9.01,"A"
"17","USGS","07141220",2018-10-17,7.67,"A"
"18","USGS","07141220",2018-10-18,7.16,"A"
"19","USGS","07141220",2018-10-19,6.81,"A"
"20","USGS","07141220",2018-10-20,6.5,"A"
"21","USGS","07141220",2018-10-21,6.27,"A"
"22","USGS","07141220",2018-10-22,6.08,"A"
"23","USGS","07141220",2018-10-23,5.9,"A"
"24","USGS","07141220",2018-10-24,5.76,"A"
"25","USGS","07141220",2018-10-25,5.68,"A"
"26","USGS","07141220",2018-10-26,5.56,"A"
"27","USGS","07141220",2018-10-27,5.45,"A"
"28","USGS","07141220",2018-10-28,5.38,"A"
"29","USGS","07141220",2018-10-29,5.31,"A"
"30","USGS","07141220",2018-10-30,5.26,"A"
"31","USGS","07141220",2018-10-31,5.19,"A"
"32","USGS","07141220",2018-11-01,5.16,"A"
"33","USGS","07141220",2018-11-02,5.13,"A"
"34","USGS","07141220",2018-11-03,5.1,"A"
"35","USGS","07141220",2018-11-04,5.07,"A"
"36","USGS","07141220",2018-11-05,5.05,"A"
"37","USGS","07141220",2018-11-06,5.02,"A"
"38","USGS","07141220",2018-11-07,4.99,"A"
"39","USGS","07141220",2018-11-08,4.99,"A"
"40","USGS","07141220",2018-11-09,4.97,"A"
"41","USGS","07141220",2018-11-10,4.96,"A"
"42","USGS","07141220",2018-11-11,4.94,"A"
"43","USGS","07141220",2018-11-12,4.92,"A"
"44","USGS","07141220",2018-11-13,4.9,"A"
"45","USGS","07141220",2018-11-14,4.89,"A"
"46","USGS","07141220",2018-11-15,4.88,"A"
"47","USGS","07141220",2018-11-16,4.87,"A"
"48","USGS","07141220",2018-11-17,4.85,"A"
"49","USGS","07141220",2018-11-18,4.84,"A"
"50","USGS","07141220",2018-11-19,4.83,"A"
"51","USGS","07141220",2018-11-20,4.82,"A"
"52","USGS","07141220",2018-11-21,4.81,"A"
"53","USGS","07141220",2018-11-22,4.81,"A"
"54","USGS","07141220",2018-11-23,4.81,"A"
"55","USGS","07141220",2018-11-24,4.8,"A"
"56","USGS","07141220",2018-11-25,4.8,"A"
"57","USGS","07141220",2018-11-26,4.78,"A"
"58","USGS","07141220",2018-11-27,4.78,"A"
"59","USGS","07141220",2018-11-28,4.78,"A"
"60","USGS","07141220",2018-11-29,4.77,"A"
"61","USGS","07141220",2018-11-30,4.78,"A"
"62","USGS","07141220",2018-12-01,4.8,"A"
"63","USGS","07141220",2018-12-02,4.77,"A"
"64","USGS","07141220",2018-12-03,4.76,"A"
"65","USGS","07141220",2018-12-04,4.76,"A"
"66","USGS","07141220",2018-12-05,4.76,"A"
"67","USGS","07141220",2018-12-06,4.75,"A"
"68","USGS","07141220",2018-12-07,4.75,"A"
"69","USGS","07141220",2018-12-08,4.75,"A"
"70","USGS","07141220",2018-12-09,4.75,"A"
"71","USGS","07141220",2018-12-10,4.75,"A"
"72","USGS","07141220",2018-12-11,4.76,"A"
"73","USGS","07141220",2018-12-12,4.73,"A"
"74","USGS","07141220",2018-12-13,4.71,"A"
"75","USGS","07141220",2018-12-14,4.69,"A"
"76","USGS","07141220",2018-12-15,4.69,"A"
"77","USGS","07141220",2018-12-16,4.68,"A"
"78","USGS","07141220",2018-12-17,4.68,"A"
"79","USGS","07141220",2018-12-18,4.69,"A"
"80","USGS","07141220",2018-12-19,4.68,"A"
"81","USGS","07141220",2018-12-20,4.68,"A"
"82","USGS","07141220",2018-12-21,4.68,"A"
"83","USGS","07141220",2018-12-22,4.67,"A"
"84","USGS","07141220",2018-12-23,4.67,"A"
"85","USGS","07141220",2018-12-24,4.67,"A"
"86","USGS","07141220",2018-12-25,4.67,"A"
"87","USGS","07141220",2018-12-26,4.71,"A"
"88","USGS","07141220",2018-12-27,4.77,"A"
"89","USGS","07141220",2018-12-28,4.78,"A"
"90","USGS","07141220",2018-12-29,5.38,"A"
"91","USGS","07141220",2018-12-30,5.23,"A"
"92","USGS","07141220",2018-12-31,5.1,"A"
"93","USGS","07141220",2019-01-01,5.51,"A"
"94","USGS","07141220",2019-01-02,5.71,"A"
"95","USGS","07141220",2019-01-03,5.56,"A"
"96","USGS","07141220",2019-01-04,5.41,"A"
"97","USGS","07141220",2019-01-05,5.14,"A"
"98","USGS","07141220",2019-01-06,5.07,"A"
"99","USGS","07141220",2019-01-07,5.01,"A"
"100","USGS","07141220",2019-01-08,4.95,"A"
"101","USGS","07141220",2019-01-09,4.9,"A"
"102","USGS","07141220",2019-01-10,4.86,"A"
"103","USGS","07141220",2019-01-11,4.86,"A"
"104","USGS","07141220",2019-01-12,4.88,"A"
"105","USGS","07141220",2019-01-13,4.84,"A"
"106","USGS","07141220",2019-01-14,4.83,"A"
"107","USGS","07141220",2019-01-15,4.84,"A"
"108","USGS","07141220",2019-01-16,4.84,"A"
"109","USGS","07141220",2019-01-17,4.82,"A"
"110","USGS","07141220",2019-01-18,4.82,"A"
"111","USGS","07141220",2019-01-19,4.81,"A"
"112","USGS","07141220",2019-01-20,4.84,"A"
"113","USGS","07141220",2019-01-21,4.81,"A"
"114","USGS","07141220",2019-01-22,4.8,"A"
"115","USGS","07141220",2019-01-23,4.85,"A"
"116","USGS","07141220",2019-01-24,4.76,"A"
"117","USGS","07141220",2019-01-25,4.78,"A"
"118","USGS","07141220",2019-01-26,4.76,"A"
"119","USGS","07141220",2019-01-27,4.76,"A"
"120","USGS","07141220",2019-01-28,4.76,"A"
"121","USGS","07141220",2019-01-29,4.74,"A"
"122","USGS","07141220",2019-01-30,4.76,"A"
"123","USGS","07141220",2019-01-31,4.77,"A"
"124","USGS","07141220",2019-02-01,4.7,"A"
"125","USGS","07141220",2019-02-02,4.7,"A"
"126","USGS","07141220",2019-02-03,4.71,"A"
"127","USGS","07141220",2019-02-04,4.71,"A"
"128","USGS","07141220",2019-02-05,4.69,"A"
"129","USGS","07141220",2019-02-06,4.69,"A"
"130","USGS","07141220",2019-02-07,5.21,"A"
"131","USGS","07141220",2019-02-08,4.98,"A"
"132","USGS","07141220",2019-02-09,4.86,"A"
"133","USGS","07141220",2019-02-10,4.69,"A"
"134","USGS","07141220",2019-02-11,4.67,"A"
"135","USGS","07141220",2019-02-12,4.66,"A"
"136","USGS","07141220",2019-02-13,4.66,"A"
"137","USGS","07141220",2019-02-14,4.66,"A"
"138","USGS","07141220",2019-02-15,4.65,"A"
"139","USGS","07141220",2019-02-16,4.65,"A"
"140","USGS","07141220",2019-02-17,4.66,"A"
"141","USGS","07141220",2019-02-18,4.65,"A"
"142","USGS","07141220",2019-02-19,4.63,"A"
"143","USGS","07141220",2019-02-20,4.62,"A"
"144","USGS","07141220",2019-02-21,4.61,"A"
"145","USGS","07141220",2019-02-22,4.61,"A"
"146","USGS","07141220",2019-02-23,4.64,"A"
"147","USGS","07141220",2019-02-24,4.63,"A"
"148","USGS","07141220",2019-02-25,4.62,"A"
"149","USGS","07141220",2019-02-26,4.64,"A"
"150","USGS","07141220",2019-02-27,4.84,"A"
"151","USGS","07141220",2019-02-28,4.77,"A"
"152","USGS","07141220",2019-03-01,4.62,"A"
"153","USGS","07141220",2019-03-02,4.6,"A"
"154","USGS","07141220",2019-03-03,4.64,"A"
"155","USGS","07141220",2019-03-04,4.73,"A"
"156","USGS","07141220",2019-03-05,4.79,"A"
"157","USGS","07141220",2019-03-06,4.64,"A"
"158","USGS","07141220",2019-03-07,4.62,"A"
"159","USGS","07141220",2019-03-08,4.61,"A"
"160","USGS","07141220",2019-03-09,4.62,"A"
"161","USGS","07141220",2019-03-10,4.67,"A"
"162","USGS","07141220",2019-03-11,5.19,"A"
"163","USGS","07141220",2019-03-12,5.38,"A"
"164","USGS","07141220",2019-03-13,5.27,"A"
"165","USGS","07141220",2019-03-14,5.29,"A"
"166","USGS","07141220",2019-03-15,5.22,"A"
"167","USGS","07141220",2019-03-16,5.16,"A"
"168","USGS","07141220",2019-03-17,5.12,"A"
"169","USGS","07141220",2019-03-18,5.09,"A"
"170","USGS","07141220",2019-03-19,5.09,"A"
"171","USGS","07141220",2019-03-22,4.9,"A"
"172","USGS","07141220",2019-03-23,4.87,"A"
"173","USGS","07141220",2019-03-24,4.83,"A"
"174","USGS","07141220",2019-03-25,4.8,"A"
"175","USGS","07141220",2019-03-26,4.77,"A"
"176","USGS","07141220",2019-03-27,4.76,"A"
"177","USGS","07141220",2019-03-28,4.75,"A"
"178","USGS","07141220",2019-03-29,4.74,"A"
"179","USGS","07141220",2019-03-30,4.73,"A"
"180","USGS","07141220",2019-03-31,4.72,"A"
"181","USGS","07141220",2019-04-01,4.71,"A"
"182","USGS","07141220",2019-04-02,4.71,"A"
"183","USGS","07141220",2019-04-03,4.71,"A"
"184","USGS","07141220",2019-04-04,4.7,"A"
"185","USGS","07141220",2019-04-05,4.69,"A"
"186","USGS","07141220",2019-04-06,4.68,"A"
"187","USGS","07141220",2019-04-07,4.67,"A"
"188","USGS","07141220",2019-04-08,4.66,"A"
"189","USGS","07141220",2019-04-09,4.65,"A"
"190","USGS","07141220",2019-04-10,4.65,"A"
"191","USGS","07141220",2019-04-11,4.63,"A"
"192","USGS","07141220",2019-04-12,4.62,"A"
"193","USGS","07141220",2019-04-13,4.61,"A"
"194","USGS","07141220",2019-04-14,4.61,"A"
"195","USGS","07141220",2019-04-15,4.61,"A"
"196","USGS","07141220",2019-04-16,4.6,"A"
"197","USGS","07141220",2019-04-17,4.59,"A"
"198","USGS","07141220",2019-04-18,4.58,"A"
"199","USGS","07141220",2019-04-19,4.57,"A"
"200","USGS","07141220",2019-04-20,4.56,"A"
"201","USGS","07141220",2019-04-21,4.56,"A"
"202","USGS","07141220",2019-04-22,4.56,"A"
"203","USGS","07141220",2019-04-23,4.54,"A"
"204","USGS","07141220",2019-04-24,4.54,"A"
"205","USGS","07141220",2019-04-25,4.53,"A"
"206","USGS","07141220",2019-04-26,4.52,"A"
"207","USGS","07141220",2019-04-27,4.52,"A"
"208","USGS","07141220",2019-04-28,4.52,"A"
"209","USGS","07141220",2019-04-29,4.55,"A"
"210","USGS","07141220",2019-04-30,4.56,"A"
"211","USGS","07141220",2019-05-01,4.65,"A"
"212","USGS","07141220",2019-05-02,4.69,"A"
"213","USGS","07141220",2019-05-03,4.67,"A"
"214","USGS","07141220",2019-05-04,4.63,"A"
"215","USGS","07141220",2019-05-05,4.6,"A"
"216","USGS","07141220",2019-05-06,4.66,"A"
"217","USGS","07141220",2019-05-07,6.8,"A"
"218","USGS","07141220",2019-05-09,10.75,"A"
"219","USGS","07141220",2019-05-10,10.43,"A"
"220","USGS","07141220",2019-05-11,9.32,"A"
"221","USGS","07141220",2019-05-12,8.44,"A"
"222","USGS","07141220",2019-05-13,7.91,"A"
"223","USGS","07141220",2019-05-14,7.3,"A"
"224","USGS","07141220",2019-05-15,6.83,"A"
"225","USGS","07141220",2019-05-16,6.5,"A"
"226","USGS","07141220",2019-05-17,6.28,"A"
"227","USGS","07141220",2019-05-18,6.18,"A"
"228","USGS","07141220",2019-05-19,5.98,"A"
"229","USGS","07141220",2019-05-20,5.99,"A"
"230","USGS","07141220",2019-05-21,8.07,"A"
"231","USGS","07141220",2019-05-22,11.86,"A"
"232","USGS","07141220",2019-05-23,13.38,"A"
"233","USGS","07141220",2019-05-24,14,"A"
"234","USGS","07141220",2019-05-25,14.15,"A"
"235","USGS","07141220",2019-05-26,14.2,"A"
"236","USGS","07141220",2019-05-27,14.27,"A"
"237","USGS","07141220",2019-05-28,14.47,"A"
"238","USGS","07141220",2019-05-29,14.51,"A"
"239","USGS","07141220",2019-05-30,14.25,"A"
"240","USGS","07141220",2019-05-31,13.75,"A"
"241","USGS","07141220",2019-06-01,12.56,"A"
"242","USGS","07141220",2019-06-02,10.67,"A"
"243","USGS","07141220",2019-06-03,9.24,"A"
"244","USGS","07141220",2019-06-04,8.4,"A"
"245","USGS","07141220",2019-06-05,7.94,"A"
"246","USGS","07141220",2019-06-06,7.65,"A"
"247","USGS","07141220",2019-06-07,7.42,"A"
"248","USGS","07141220",2019-06-08,7.23,"A"
"249","USGS","07141220",2019-06-09,7.2,"A"
"250","USGS","07141220",2019-06-10,7.11,"A"
"251","USGS","07141220",2019-06-11,6.79,"A"
"252","USGS","07141220",2019-06-12,6.62,"A"
"253","USGS","07141220",2019-06-13,6.47,"A"
"254","USGS","07141220",2019-06-14,6.31,"A"
"255","USGS","07141220",2019-06-15,6.2,"A"
"256","USGS","07141220",2019-06-16,6.08,"A"
"257","USGS","07141220",2019-06-17,5.98,"A"
"258","USGS","07141220",2019-06-18,6.67,"A"
"259","USGS","07141220",2019-06-19,8.3,"A"
"260","USGS","07141220",2019-06-20,7.2,"A"
"261","USGS","07141220",2019-06-21,6.78,"A"
"262","USGS","07141220",2019-06-22,7.45,"A"
"263","USGS","07141220",2019-06-23,8.43,"A"
"264","USGS","07141220",2019-06-24,8.11,"A"
"265","USGS","07141220",2019-06-25,7.69,"A"
"266","USGS","07141220",2019-06-26,7.73,"A"
"267","USGS","07141220",2019-06-27,7.8,"A"
"268","USGS","07141220",2019-06-28,7.32,"A"
"269","USGS","07141220",2019-06-29,6.73,"A"
"270","USGS","07141220",2019-06-30,6.39,"A"
"271","USGS","07141220",2019-07-01,6.15,"A"
"272","USGS","07141220",2019-07-02,5.99,"A"
"273","USGS","07141220",2019-07-03,5.93,"A"
"274","USGS","07141220",2019-07-04,5.92,"A"
"275","USGS","07141220",2019-07-05,5.79,"A"
"276","USGS","07141220",2019-07-06,5.92,"A"
"277","USGS","07141220",2019-07-07,6.77,"A"
"278","USGS","07141220",2019-07-08,6.7,"A"
"279","USGS","07141220",2019-07-09,6.23,"A"
"280","USGS","07141220",2019-07-10,6,"A"
"281","USGS","07141220",2019-07-11,5.88,"A"
"282","USGS","07141220",2019-07-12,5.71,"A"
"283","USGS","07141220",2019-07-13,5.57,"A"
"284","USGS","07141220",2019-07-14,5.48,"A"
"285","USGS","07141220",2019-07-15,5.4,"A"
"286","USGS","07141220",2019-07-16,5.35,"A"
"287","USGS","07141220",2019-07-17,5.31,"A"
"288","USGS","07141220",2019-07-18,5.26,"A"
"289","USGS","07141220",2019-07-19,5.21,"A"
"290","USGS","07141220",2019-07-20,5.17,"A"
"291","USGS","07141220",2019-07-21,5.14,"A"
"292","USGS","07141220",2019-07-22,5.11,"A"
"293","USGS","07141220",2019-07-23,5.06,"A"
"294","USGS","07141220",2019-07-24,5.05,"A"
"295","USGS","07141220",2019-07-25,5.02,"A"
"296","USGS","07141220",2019-07-26,5,"A"
"297","USGS","07141220",2019-07-27,4.98,"A"
"298","USGS","07141220",2019-07-28,4.96,"A"
"299","USGS","07141220",2019-07-29,4.94,"A"
"300","USGS","07141220",2019-07-30,4.91,"A"
"301","USGS","07141220",2019-07-31,4.89,"A"
"302","USGS","07141220",2019-08-01,4.87,"A"
"303","USGS","07141220",2019-08-02,4.85,"A"
"304","USGS","07141220",2019-08-03,4.84,"A"
"305","USGS","07141220",2019-08-04,4.82,"A"
"306","USGS","07141220",2019-08-05,4.81,"A"
"307","USGS","07141220",2019-08-06,4.79,"A"
"308","USGS","07141220",2019-08-07,4.78,"A"
"309","USGS","07141220",2019-08-08,4.77,"A"
"310","USGS","07141220",2019-08-09,4.77,"A"
"311","USGS","07141220",2019-08-10,4.77,"A"
"312","USGS","07141220",2019-08-11,4.76,"A"
"313","USGS","07141220",2019-08-12,4.74,"A"
"314","USGS","07141220",2019-08-13,4.75,"A"
"315","USGS","07141220",2019-08-14,4.8,"A"
"316","USGS","07141220",2019-08-15,4.76,"A"
"317","USGS","07141220",2019-08-16,4.75,"A"
"318","USGS","07141220",2019-08-17,4.76,"A"
"319","USGS","07141220",2019-08-18,4.77,"A"
"320","USGS","07141220",2019-08-19,4.76,"A"
"321","USGS","07141220",2019-08-20,4.8,"A"
"322","USGS","07141220",2019-08-21,4.89,"A"
"323","USGS","07141220",2019-08-22,4.91,"A"
"324","USGS","07141220",2019-08-23,4.92,"A"
"325","USGS","07141220",2019-08-24,8.65,"A"
"326","USGS","07141220",2019-08-25,9.67,"A"
"327","USGS","07141220",2019-08-26,8.58,"A"
"328","USGS","07141220",2019-08-27,7.7,"A"
"329","USGS","07141220",2019-08-28,7.02,"A"
"330","USGS","07141220",2019-08-29,6.24,"A"
"331","USGS","07141220",2019-08-30,5.77,"A"
"332","USGS","07141220",2019-08-31,5.54,"A"
"333","USGS","07141220",2019-09-01,5.4,"A"
"334","USGS","07141220",2019-09-02,5.3,"A"
"335","USGS","07141220",2019-09-03,5.22,"A"
"336","USGS","07141220",2019-09-04,5.15,"A"
"337","USGS","07141220",2019-09-05,5.1,"A"
"338","USGS","07141220",2019-09-06,5.06,"A"
"339","USGS","07141220",2019-09-07,5.03,"A"
"340","USGS","07141220",2019-09-08,5.02,"A"
"341","USGS","07141220",2019-09-09,5,"A"
"342","USGS","07141220",2019-09-10,4.98,"A"
"343","USGS","07141220",2019-09-11,4.96,"A"
"344","USGS","07141220",2019-09-12,4.93,"A"
"345","USGS","07141220",2019-09-13,4.9,"A"
"346","USGS","07141220",2019-09-14,4.88,"A"
"347","USGS","07141220",2019-09-15,4.85,"A"
"348","USGS","07141220",2019-09-16,4.83,"A"
"349","USGS","07141220",2019-09-17,4.8,"A"
"350","USGS","07141220",2019-09-18,4.78,"A"
"351","USGS","07141220",2019-09-19,4.76,"A"
"352","USGS","07141220",2019-09-20,4.75,"A"
"353","USGS","07141220",2019-09-21,4.73,"A"
"354","USGS","07141220",2019-09-22,4.72,"A"
"355","USGS","07141220",2019-09-23,4.71,"A"
"356","USGS","07141220",2019-09-24,4.77,"A"
"357","USGS","07141220",2019-09-25,4.75,"A"
"358","USGS","07141220",2019-09-26,4.72,"A"
"359","USGS","07141220",2019-09-27,4.72,"A"
"360","USGS","07141220",2019-09-28,4.72,"A"
"361","USGS","07141220",2019-09-29,4.74,"A"
"362","USGS","07141220",2019-09-30,4.7,"A"
"363","USGS","07141220",2019-10-01,4.74,"A"
"364","USGS","07141220",2019-10-02,4.74,"A"
"365","USGS","07141220",2019-10-03,4.7,"A"
"366","USGS","07141220",2019-10-04,4.73,"A"
"367","USGS","07141220",2019-10-05,4.72,"A"
"368","USGS","07141220",2019-10-06,4.69,"A"
"369","USGS","07141220",2019-10-07,4.68,"A"
"370","USGS","07141220",2019-10-08,4.67,"A"
"371","USGS","07141220",2019-10-09,4.67,"A"
"372","USGS","07141220",2019-10-10,4.66,"A"
"373","USGS","07141220",2019-10-11,4.65,"A"
"374","USGS","07141220",2019-10-12,4.65,"A"
"375","USGS","07141220",2019-10-13,4.64,"A"
"376","USGS","07141220",2019-10-14,4.64,"A"
"377","USGS","07141220",2019-10-15,4.63,"A"
"378","USGS","07141220",2019-10-16,4.63,"A"
"379","USGS","07141220",2019-10-17,4.64,"A"
"380","USGS","07141220",2019-10-18,4.63,"A"
"381","USGS","07141220",2019-10-19,4.62,"A"
"382","USGS","07141220",2019-10-20,4.62,"A"
"383","USGS","07141220",2019-10-21,4.61,"A"
"384","USGS","07141220",2019-10-22,4.6,"A"
"385","USGS","07141220",2019-10-23,4.6,"A"
"386","USGS","07141220",2019-10-24,4.59,"A"
"387","USGS","07141220",2019-10-25,4.61,"A"
"388","USGS","07141220",2019-10-26,4.63,"A"
"389","USGS","07141220",2019-10-27,4.61,"A"
"390","USGS","07141220",2019-10-28,4.6,"A"
"391","USGS","07141220",2019-10-29,4.61,"A"
"392","USGS","07141220",2019-10-30,4.6,"A"
"393","USGS","07141220",2019-10-31,4.6,"A"
"394","USGS","07141220",2019-11-01,4.6,"A"
"395","USGS","07141220",2019-11-02,4.6,"A"
"396","USGS","07141220",2019-11-03,4.62,"A"
"397","USGS","07141220",2019-11-04,4.61,"A"
"398","USGS","07141220",2019-11-05,4.61,"A"
"399","USGS","07141220",2019-11-06,4.62,"A"
"400","USGS","07141220",2019-11-07,4.61,"A"
"401","USGS","07141220",2019-11-08,4.63,"A"
"402","USGS","07141220",2019-11-09,4.62,"A"
"403","USGS","07141220",2019-11-10,4.63,"A"
"404","USGS","07141220",2019-11-11,4.62,"A"
"405","USGS","07141220",2019-11-12,4.62,"A"
"406","USGS","07141220",2019-11-13,4.66,"A"
"407","USGS","07141220",2019-11-14,4.64,"A"
"408","USGS","07141220",2019-11-15,4.65,"A"
"409","USGS","07141220",2019-11-16,4.66,"A"
"410","USGS","07141220",2019-11-17,4.66,"A"
"411","USGS","07141220",2019-11-18,4.67,"A"
"412","USGS","07141220",2019-11-19,4.67,"A"
"413","USGS","07141220",2019-11-20,4.68,"A"
"414","USGS","07141220",2019-11-21,4.68,"A"
"415","USGS","07141220",2019-11-22,4.7,"A"
"416","USGS","07141220",2019-11-23,4.72,"A"
"417","USGS","07141220",2019-11-24,4.73,"A"
"418","USGS","07141220",2019-11-25,4.73,"A"
"419","USGS","07141220",2019-11-26,4.74,"A"
"420","USGS","07141220",2019-11-27,4.73,"A"
"421","USGS","07141220",2019-11-28,4.73,"A"
"422","USGS","07141220",2019-11-29,4.74,"A"
"423","USGS","07141220",2019-11-30,4.75,"A"
"424","USGS","07141220",2019-12-01,4.73,"A"
"425","USGS","07141220",2019-12-02,4.73,"A"
"426","USGS","07141220",2019-12-03,4.73,"A"
"427","USGS","07141220",2019-12-04,4.74,"A"
"428","USGS","07141220",2019-12-05,4.75,"A"
"429","USGS","07141220",2019-12-06,4.72,"A"
"430","USGS","07141220",2019-12-07,4.72,"A"
"431","USGS","07141220",2019-12-08,4.73,"A"
"432","USGS","07141220",2019-12-09,4.73,"A"
"433","USGS","07141220",2019-12-10,4.7,"A"
"434","USGS","07141220",2019-12-11,4.7,"A"
"435","USGS","07141220",2019-12-12,4.7,"A"
"436","USGS","07141220",2019-12-13,4.7,"A"
"437","USGS","07141220",2019-12-14,4.69,"A"
"438","USGS","07141220",2019-12-15,4.69,"A"
"439","USGS","07141220",2019-12-16,4.7,"A"
"440","USGS","07141220",2019-12-17,4.69,"A"
"441","USGS","07141220",2019-12-18,4.69,"A"
"442","USGS","07141220",2019-12-19,4.7,"A"
"443","USGS","07141220",2019-12-20,4.69,"A"
"444","USGS","07141220",2019-12-21,4.69,"A"
"445","USGS","07141220",2019-12-22,4.7,"A"
"446","USGS","07141220",2019-12-23,4.7,"A"
"447","USGS","07141220",2019-12-24,4.71,"A"
"448","USGS","07141220",2019-12-25,4.71,"A"
"449","USGS","07141220",2019-12-26,4.69,"A"
"450","USGS","07141220",2019-12-27,4.71,"A"
"451","USGS","07141220",2019-12-28,4.85,"A"
"452","USGS","07141220",2019-12-29,4.82,"A"
"453","USGS","07141220",2019-12-30,4.8,"A"
"454","USGS","07141220",2019-12-31,4.79,"A"
"455","USGS","07141220",2020-01-01,4.79,"A"
"456","USGS","07141220",2020-01-02,4.79,"A"
"457","USGS","07141220",2020-01-03,4.78,"A"
"458","USGS","07141220",2020-01-04,4.8,"A"
"459","USGS","07141220",2020-01-05,4.8,"A"
"460","USGS","07141220",2020-01-06,4.81,"A"
"461","USGS","07141220",2020-01-07,4.8,"A"
"462","USGS","07141220",2020-01-08,4.8,"A"
"463","USGS","07141220",2020-01-09,4.79,"A"
"464","USGS","07141220",2020-01-10,4.79,"A"
"465","USGS","07141220",2020-01-11,4.79,"A"
"466","USGS","07141220",2020-01-12,4.76,"A"
"467","USGS","07141220",2020-01-13,4.76,"A"
"468","USGS","07141220",2020-01-14,4.75,"A"
"469","USGS","07141220",2020-01-15,4.74,"A"
"470","USGS","07141220",2020-01-16,4.73,"A"
"471","USGS","07141220",2020-01-17,4.76,"A"
"472","USGS","07141220",2020-01-18,4.75,"A"
"473","USGS","07141220",2020-01-19,4.74,"A"
"474","USGS","07141220",2020-01-20,4.73,"A"
"475","USGS","07141220",2020-01-21,4.73,"A"
"476","USGS","07141220",2020-01-22,4.76,"A"
"477","USGS","07141220",2020-01-23,4.76,"A"
"478","USGS","07141220",2020-01-24,4.75,"A"
"479","USGS","07141220",2020-01-25,4.75,"A"
"480","USGS","07141220",2020-01-26,4.75,"A"
"481","USGS","07141220",2020-01-27,4.76,"A"
"482","USGS","07141220",2020-01-28,4.78,"A"
"483","USGS","07141220",2020-01-29,4.78,"A"
"484","USGS","07141220",2020-01-30,4.78,"A"
"485","USGS","07141220",2020-01-31,4.78,"A"
"486","USGS","07141220",2020-02-01,4.78,"A"
"487","USGS","07141220",2020-02-02,4.78,"A"
"488","USGS","07141220",2020-02-03,4.79,"A"
"489","USGS","07141220",2020-02-04,4.78,"A"
"490","USGS","07141220",2020-02-05,4.78,"A"
"491","USGS","07141220",2020-02-06,4.79,"A"
"492","USGS","07141220",2020-02-07,4.79,"A"
"493","USGS","07141220",2020-02-08,4.78,"A"
"494","USGS","07141220",2020-02-09,4.78,"A"
"495","USGS","07141220",2020-02-10,4.77,"A"
"496","USGS","07141220",2020-02-11,4.78,"A"
"497","USGS","07141220",2020-02-12,4.79,"A"
"498","USGS","07141220",2020-02-13,4.77,"A"
"499","USGS","07141220",2020-02-14,4.8,"A"
"500","USGS","07141220",2020-02-15,4.77,"A"
"501","USGS","07141220",2020-02-16,4.76,"A"
"502","USGS","07141220",2020-02-17,4.76,"A"
"503","USGS","07141220",2020-02-18,4.75,"A"
"504","USGS","07141220",2020-02-19,4.75,"A"
"505","USGS","07141220",2020-02-20,4.75,"A"
"506","USGS","07141220",2020-02-21,4.76,"A"
"507","USGS","07141220",2020-02-22,4.77,"A"
"508","USGS","07141220",2020-02-23,4.79,"A"
"509","USGS","07141220",2020-02-24,4.91,"A"
"510","USGS","07141220",2020-02-25,4.9,"A"
"511","USGS","07141220",2020-02-26,4.88,"A"
"512","USGS","07141220",2020-02-27,4.88,"A"
"513","USGS","07141220",2020-02-28,4.87,"A"
"514","USGS","07141220",2020-02-29,4.87,"A"
"515","USGS","07141220",2020-03-01,4.89,"A"
"516","USGS","07141220",2020-03-02,4.9,"A"
"517","USGS","07141220",2020-03-03,4.92,"A"
"518","USGS","07141220",2020-03-04,4.93,"A"
"519","USGS","07141220",2020-03-05,4.93,"A"
"520","USGS","07141220",2020-03-06,4.93,"A"
"521","USGS","07141220",2020-03-07,4.94,"A"
"522","USGS","07141220",2020-03-08,4.96,"A"
"523","USGS","07141220",2020-03-09,4.97,"A"
"524","USGS","07141220",2020-03-10,4.96,"A"
"525","USGS","07141220",2020-03-11,4.97,"A"
"526","USGS","07141220",2020-03-12,4.97,"A"
"527","USGS","07141220",2020-03-13,4.95,"A"
"528","USGS","07141220",2020-03-14,4.96,"A"
"529","USGS","07141220",2020-03-15,4.94,"A"
"530","USGS","07141220",2020-03-16,4.94,"A"
"531","USGS","07141220",2020-03-17,4.93,"A"
"532","USGS","07141220",2020-03-18,4.92,"A"
"533","USGS","07141220",2020-03-19,4.91,"A"
"534","USGS","07141220",2020-03-20,4.87,"A"
"535","USGS","07141220",2020-03-21,4.86,"A"
"536","USGS","07141220",2020-03-22,4.87,"A"
"537","USGS","07141220",2020-03-23,4.87,"A"
"538","USGS","07141220",2020-03-24,4.88,"A"
"539","USGS","07141220",2020-03-25,4.87,"A"
"540","USGS","07141220",2020-03-26,4.85,"A"
"541","USGS","07141220",2020-03-27,4.84,"A"
"542","USGS","07141220",2020-03-28,4.84,"A"
"543","USGS","07141220",2020-03-29,4.81,"A"
"544","USGS","07141220",2020-03-30,4.81,"A"
"545","USGS","07141220",2020-03-31,4.79,"A"
"546","USGS","07141220",2020-04-01,4.78,"A"
"547","USGS","07141220",2020-04-02,4.78,"A"
"548","USGS","07141220",2020-04-03,4.76,"A"
"549","USGS","07141220",2020-04-04,4.77,"A"
"550","USGS","07141220",2020-04-05,4.76,"A"
"551","USGS","07141220",2020-04-06,4.76,"A"
"552","USGS","07141220",2020-04-07,4.75,"A"
"553","USGS","07141220",2020-04-08,4.74,"A"
"554","USGS","07141220",2020-04-09,4.72,"A"
"555","USGS","07141220",2020-04-10,4.71,"A"
"556","USGS","07141220",2020-04-11,4.7,"A"
"557","USGS","07141220",2020-04-12,4.69,"A"
"558","USGS","07141220",2020-04-13,4.65,"A"
"559","USGS","07141220",2020-04-14,4.65,"A"
"560","USGS","07141220",2020-04-15,4.65,"A"
"561","USGS","07141220",2020-04-16,4.65,"A"
"562","USGS","07141220",2020-04-17,4.63,"A"
"563","USGS","07141220",2020-04-18,4.64,"A"
"564","USGS","07141220",2020-04-19,4.65,"A"
"565","USGS","07141220",2020-04-20,4.63,"A"
"566","USGS","07141220",2020-04-21,4.61,"A"
"567","USGS","07141220",2020-04-22,4.62,"A"
"568","USGS","07141220",2020-04-23,4.61,"A"
"569","USGS","07141220",2020-04-24,4.6,"A"
"570","USGS","07141220",2020-04-25,4.58,"A"
"571","USGS","07141220",2020-04-26,4.59,"A"
"572","USGS","07141220",2020-04-27,4.57,"A"
"573","USGS","07141220",2020-04-28,4.56,"A"
"574","USGS","07141220",2020-04-29,4.54,"A"
"575","USGS","07141220",2020-04-30,4.53,"A"
"576","USGS","07141220",2020-05-01,4.53,"A"
"577","USGS","07141220",2020-05-02,4.52,"A"
"578","USGS","07141220",2020-05-03,4.52,"A"
"579","USGS","07141220",2020-05-04,4.52,"A"
"580","USGS","07141220",2020-05-05,4.51,"A"
"581","USGS","07141220",2020-05-06,4.51,"A"
"582","USGS","07141220",2020-05-07,4.52,"A"
"583","USGS","07141220",2020-05-08,4.51,"A"
"584","USGS","07141220",2020-05-09,4.5,"A"
"585","USGS","07141220",2020-05-10,4.49,"A"
"586","USGS","07141220",2020-05-11,4.52,"A"
"587","USGS","07141220",2020-05-12,4.63,"A"
"588","USGS","07141220",2020-05-13,4.57,"A"
"589","USGS","07141220",2020-05-14,4.55,"A"
"590","USGS","07141220",2020-05-15,4.54,"A"
"591","USGS","07141220",2020-05-16,4.52,"A"
"592","USGS","07141220",2020-05-17,4.51,"A"
"593","USGS","07141220",2020-05-18,4.5,"A"
"594","USGS","07141220",2020-05-19,4.5,"A"
"595","USGS","07141220",2020-05-20,4.49,"A"
"596","USGS","07141220",2020-05-21,4.49,"A"
"597","USGS","07141220",2020-05-22,4.57,"A"
"598","USGS","07141220",2020-05-23,4.52,"A"
"599","USGS","07141220",2020-05-24,4.52,"A"
"600","USGS","07141220",2020-05-25,5.04,"A"
"601","USGS","07141220",2020-05-26,5.75,"A"
"602","USGS","07141220",2020-05-27,5.25,"A"
"603","USGS","07141220",2020-05-28,4.97,"A"
"604","USGS","07141220",2020-05-29,4.81,"A"
"605","USGS","07141220",2020-05-30,4.75,"A"
"606","USGS","07141220",2020-05-31,4.71,"A"
"607","USGS","07141220",2020-06-01,4.63,"A"
"608","USGS","07141220",2020-06-02,4.58,"A"
"609","USGS","07141220",2020-06-03,4.54,"A"
"610","USGS","07141220",2020-06-04,4.5,"A"
"611","USGS","07141220",2020-06-05,4.45,"A"
"612","USGS","07141220",2020-06-06,4.41,"A"
"613","USGS","07141220",2020-06-07,4.36,"A"
"614","USGS","07141220",2020-06-08,4.33,"A"
"615","USGS","07141220",2020-06-09,4.32,"A"
"616","USGS","07141220",2020-06-10,4.33,"A"
"617","USGS","07141220",2020-06-11,4.3,"A"
"618","USGS","07141220",2020-06-12,4.29,"A"
"619","USGS","07141220",2020-06-13,4.28,"A"
"620","USGS","07141220",2020-06-14,4.26,"A"
"621","USGS","07141220",2020-06-15,4.24,"A"
"622","USGS","07141220",2020-06-16,4.23,"A"
"623","USGS","07141220",2020-06-17,4.22,"A"
"624","USGS","07141220",2020-06-18,4.2,"A"
"625","USGS","07141220",2020-06-19,4.28,"A"
"626","USGS","07141220",2020-06-20,4.24,"A"
"627","USGS","07141220",2020-06-21,4.34,"A"
"628","USGS","07141220",2020-06-22,6.35,"A"
"629","USGS","07141220",2020-06-23,6.95,"A"
"630","USGS","07141220",2020-06-24,6.96,"A"
"631","USGS","07141220",2020-06-25,7.23,"A"
"632","USGS","07141220",2020-06-26,7.23,"A"
"633","USGS","07141220",2020-06-27,6.7,"A"
"634","USGS","07141220",2020-06-28,6.28,"A"
"635","USGS","07141220",2020-06-29,5.91,"A"
"636","USGS","07141220",2020-06-30,5.57,"A"
"637","USGS","07141220",2020-07-01,5.32,"A"
"638","USGS","07141220",2020-07-02,5.14,"A"
"639","USGS","07141220",2020-07-03,5.09,"A"
"640","USGS","07141220",2020-07-04,4.96,"A"
"641","USGS","07141220",2020-07-05,4.87,"A"
"642","USGS","07141220",2020-07-06,4.82,"A"
"643","USGS","07141220",2020-07-07,4.76,"A"
"644","USGS","07141220",2020-07-08,4.69,"A"
"645","USGS","07141220",2020-07-09,4.61,"A"
"646","USGS","07141220",2020-07-10,4.63,"A"
"647","USGS","07141220",2020-07-11,4.55,"A"
"648","USGS","07141220",2020-07-12,4.51,"A"
"649","USGS","07141220",2020-07-13,4.48,"A"
"650","USGS","07141220",2020-07-14,4.45,"A"
"651","USGS","07141220",2020-07-15,4.45,"A"
"652","USGS","07141220",2020-07-16,4.42,"A"
"653","USGS","07141220",2020-07-17,4.4,"A"
"654","USGS","07141220",2020-07-18,4.37,"A"
"655","USGS","07141220",2020-07-19,4.75,"A"
"656","USGS","07141220",2020-07-20,5.11,"A"
"657","USGS","07141220",2020-07-21,5.49,"A"
"658","USGS","07141220",2020-07-22,6.29,"A"
"659","USGS","07141220",2020-07-23,7.13,"A"
"660","USGS","07141220",2020-07-24,7.44,"A"
"661","USGS","07141220",2020-07-25,6.71,"A"
"662","USGS","07141220",2020-07-26,6.15,"A"
"663","USGS","07141220",2020-07-27,5.86,"A"
"664","USGS","07141220",2020-07-28,5.6,"A"
"665","USGS","07141220",2020-07-29,5.5,"A"
"666","USGS","07141220",2020-07-30,6.18,"A"
"667","USGS","07141220",2020-07-31,6.15,"A"
"668","USGS","07141220",2020-08-01,5.9,"A"
"669","USGS","07141220",2020-08-02,5.82,"A"
"670","USGS","07141220",2020-08-03,5.69,"A"
"671","USGS","07141220",2020-08-04,5.45,"A"
"672","USGS","07141220",2020-08-05,5.27,"A"
"673","USGS","07141220",2020-08-06,5.12,"A"
"674","USGS","07141220",2020-08-07,5.01,"A"
"675","USGS","07141220",2020-08-08,4.9,"A"
"676","USGS","07141220",2020-08-09,4.81,"A"
"677","USGS","07141220",2020-08-10,4.74,"A"
"678","USGS","07141220",2020-08-11,4.69,"A"
"679","USGS","07141220",2020-08-12,4.65,"A"
"680","USGS","07141220",2020-08-13,4.61,"A"
"681","USGS","07141220",2020-08-14,4.58,"A"
"682","USGS","07141220",2020-08-15,4.6,"A"
"683","USGS","07141220",2020-08-16,4.64,"A"
"684","USGS","07141220",2020-08-17,4.6,"A"
"685","USGS","07141220",2020-08-18,4.55,"A"
"686","USGS","07141220",2020-08-19,4.53,"A"
"687","USGS","07141220",2020-08-20,4.5,"A"
"688","USGS","07141220",2020-08-21,4.48,"A"
"689","USGS","07141220",2020-08-22,4.45,"A"
"690","USGS","07141220",2020-08-23,4.43,"A"
"691","USGS","07141220",2020-08-24,4.4,"A"
"692","USGS","07141220",2020-08-25,4.37,"A"
"693","USGS","07141220",2020-08-26,4.34,"A"
"694","USGS","07141220",2020-08-27,4.32,"A"
"695","USGS","07141220",2020-08-28,4.3,"A"
"696","USGS","07141220",2020-08-29,4.45,"A"
"697","USGS","07141220",2020-08-30,4.34,"A"
"698","USGS","07141220",2020-08-31,4.32,"A"
"699","USGS","07141220",2020-09-01,4.35,"A"
"700","USGS","07141220",2020-09-02,4.35,"A"
"701","USGS","07141220",2020-09-03,4.32,"A"
"702","USGS","07141220",2020-09-04,4.3,"A"
"703","USGS","07141220",2020-09-05,4.29,"A"
"704","USGS","07141220",2020-09-06,4.27,"A"
"705","USGS","07141220",2020-09-07,4.26,"A"
"706","USGS","07141220",2020-09-08,4.26,"A"
"707","USGS","07141220",2020-09-09,4.32,"A"
"708","USGS","07141220",2020-09-10,4.34,"A"
"709","USGS","07141220",2020-09-11,4.33,"A"
"710","USGS","07141220",2020-09-12,4.31,"A"
"711","USGS","07141220",2020-09-13,4.28,"A"
"712","USGS","07141220",2020-09-14,4.26,"A"
"713","USGS","07141220",2020-09-15,4.24,"A"
"714","USGS","07141220",2020-09-16,4.23,"A"
"715","USGS","07141220",2020-09-17,4.22,"A"
"716","USGS","07141220",2020-09-18,4.21,"A"
"717","USGS","07141220",2020-09-19,4.2,"A"
"718","USGS","07141220",2020-09-20,4.19,"A"
"719","USGS","07141220",2020-09-21,4.18,"A"
"720","USGS","07141220",2020-09-22,4.17,"A"
"721","USGS","07141220",2020-09-23,4.17,"A"
"722","USGS","07141220",2020-09-24,4.17,"A"
"723","USGS","07141220",2020-09-25,4.16,"A"
"724","USGS","07141220",2020-09-26,4.15,"A"
"725","USGS","07141220",2020-09-27,4.14,"A"
"726","USGS","07141220",2020-09-28,4.13,"A"
"727","USGS","07141220",2020-09-29,4.13,"A"
"728","USGS","07141220",2020-09-30,4.13,"A"
"729","USGS","07141220",2020-10-01,4.12,"A"
"730","USGS","07141220",2020-10-02,4.12,"A"
"731","USGS","07141220",2020-10-03,4.12,"A"
"732","USGS","07141220",2020-10-04,4.11,"A"
"733","USGS","07141220",2020-10-05,4.11,"A"
"734","USGS","07141220",2020-10-06,4.11,"A"
"735","USGS","07141220",2020-10-07,4.1,"A"
"736","USGS","07141220",2020-10-08,4.1,"A"
"737","USGS","07141220",2020-10-09,4.09,"A"
"738","USGS","07141220",2020-10-10,4.09,"A"
"739","USGS","07141220",2020-10-11,4.09,"A"
"740","USGS","07141220",2020-10-12,4.08,"A"
"741","USGS","07141220",2020-10-13,4.08,"A"
"742","USGS","07141220",2020-10-14,4.09,"A"
"743","USGS","07141220",2020-10-15,4.08,"A"
"744","USGS","07141220",2020-10-16,4.1,"A"
"745","USGS","07141220",2020-10-17,4.12,"A"
"746","USGS","07141220",2020-10-18,4.1,"A"
"747","USGS","07141220",2020-10-19,4.11,"A"
"748","USGS","07141220",2020-10-20,4.11,"A"
"749","USGS","07141220",2020-10-21,4.12,"A"
"750","USGS","07141220",2020-10-22,4.13,"A"
"751","USGS","07141220",2020-10-23,4.11,"A"
"752","USGS","07141220",2020-10-24,4.12,"A"
"753","USGS","07141220",2020-10-25,4.13,"A"
"754","USGS","07141220",2020-10-26,4.13,"A"
"755","USGS","07141220",2020-10-27,4.14,"A"
"756","USGS","07141220",2020-10-28,4.15,"A"
"757","USGS","07141220",2020-10-29,4.15,"A"
"758","USGS","07141220",2020-10-30,4.14,"A"
"759","USGS","07141220",2020-10-31,4.15,"A"
"760","USGS","07141220",2020-11-01,4.14,"A"
"761","USGS","07141220",2020-11-02,4.16,"A"
"762","USGS","07141220",2020-11-03,4.17,"A"
"763","USGS","07141220",2020-11-04,4.16,"A"
"764","USGS","07141220",2020-11-05,4.15,"A"
"765","USGS","07141220",2020-11-06,4.16,"A"
"766","USGS","07141220",2020-11-07,4.16,"A"
"767","USGS","07141220",2020-11-08,4.12,"A"
"768","USGS","07141220",2020-11-09,4.12,"A"
"769","USGS","07141220",2020-11-10,4.16,"A"
"770","USGS","07141220",2020-11-11,4.13,"A"
"771","USGS","07141220",2020-11-12,4.13,"A"
"772","USGS","07141220",2020-11-13,4.12,"A"
"773","USGS","07141220",2020-11-14,4.13,"A"
"774","USGS","07141220",2020-11-15,4.11,"A"
"775","USGS","07141220",2020-11-16,4.11,"A"
"776","USGS","07141220",2020-11-17,4.12,"A"
"777","USGS","07141220",2020-11-18,4.12,"A"
"778","USGS","07141220",2020-11-19,4.12,"A"
"779","USGS","07141220",2020-11-20,4.1,"A"
"780","USGS","07141220",2020-11-21,4.12,"A"
"781","USGS","07141220",2020-11-22,4.14,"A"
"782","USGS","07141220",2020-11-23,4.16,"A"
"783","USGS","07141220",2020-11-24,4.17,"A"
"784","USGS","07141220",2020-11-25,4.21,"A"
"785","USGS","07141220",2020-11-26,4.15,"A"
"786","USGS","07141220",2020-11-27,4.13,"A"
"787","USGS","07141220",2020-11-28,4.14,"A"
"788","USGS","07141220",2020-11-29,4.14,"A"
"789","USGS","07141220",2020-11-30,4.12,"A"
"790","USGS","07141220",2020-12-01,4.12,"A"
"791","USGS","07141220",2020-12-02,4.12,"A"
"792","USGS","07141220",2020-12-03,4.11,"A"
"793","USGS","07141220",2020-12-04,4.11,"A"
"794","USGS","07141220",2020-12-05,4.12,"A"
"795","USGS","07141220",2020-12-06,4.12,"A"
"796","USGS","07141220",2020-12-07,4.12,"A"
"797","USGS","07141220",2020-12-08,4.1,"A"
"798","USGS","07141220",2020-12-09,4.1,"A"
"799","USGS","07141220",2020-12-10,4.1,"A"
"800","USGS","07141220",2020-12-11,4.09,"A"
"801","USGS","07141220",2020-12-12,4.09,"A"
"802","USGS","07141220",2020-12-13,4.09,"A"
"803","USGS","07141220",2020-12-14,4.09,"A"
"804","USGS","07141220",2020-12-15,4.09,"A"
"805","USGS","07141220",2020-12-16,4.1,"A"
"806","USGS","07141220",2020-12-17,4.09,"A"
"807","USGS","07141220",2020-12-18,4.1,"A"
"808","USGS","07141220",2020-12-19,4.1,"A"
"809","USGS","07141220",2020-12-20,4.11,"A"
"810","USGS","07141220",2020-12-21,4.12,"A"
"811","USGS","07141220",2020-12-22,4.13,"A"
"812","USGS","07141220",2020-12-23,4.14,"A"
"813","USGS","07141220",2020-12-24,4.12,"A"
"814","USGS","07141220",2020-12-25,4.13,"A"
"815","USGS","07141220",2020-12-26,4.14,"A"
"816","USGS","07141220",2020-12-27,4.15,"A"
"817","USGS","07141220",2020-12-28,4.14,"A"
"818","USGS","07141220",2020-12-29,4.16,"A"
"819","USGS","07141220",2020-12-30,4.16,"A"
"820","USGS","07141220",2020-12-31,4.15,"A"
"821","USGS","07141220",2021-01-01,4.15,"A"
"822","USGS","07141220",2021-01-02,4.15,"A"
"823","USGS","07141220",2021-01-03,4.16,"A"
"824","USGS","07141220",2021-01-04,4.16,"A"
"825","USGS","07141220",2021-01-05,4.16,"A"
"826","USGS","07141220",2021-01-06,4.15,"A"
"827","USGS","07141220",2021-01-07,4.15,"A"
"828","USGS","07141220",2021-01-08,4.15,"A"
"829","USGS","07141220",2021-01-09,4.16,"A"
"830","USGS","07141220",2021-01-10,4.18,"A"
"831","USGS","07141220",2021-01-11,4.17,"A"
"832","USGS","07141220",2021-01-12,4.16,"A"
"833","USGS","07141220",2021-01-13,4.17,"A"
"834","USGS","07141220",2021-01-14,4.17,"A"
"835","USGS","07141220",2021-01-15,4.16,"A"
"836","USGS","07141220",2021-01-16,4.15,"A"
"837","USGS","07141220",2021-01-17,4.15,"A"
"838","USGS","07141220",2021-01-18,4.15,"A"
"839","USGS","07141220",2021-01-19,4.15,"A"
"840","USGS","07141220",2021-01-20,4.16,"A"
"841","USGS","07141220",2021-01-21,4.16,"A"
"842","USGS","07141220",2021-01-22,4.15,"A"
"843","USGS","07141220",2021-01-23,4.16,"A"
"844","USGS","07141220",2021-01-24,4.15,"A"
"845","USGS","07141220",2021-01-25,4.17,"A"
"846","USGS","07141220",2021-01-29,4.15,"A"
"847","USGS","07141220",2021-01-30,4.16,"A"
"848","USGS","07141220",2021-01-31,4.15,"A"
"849","USGS","07141220",2021-02-01,4.15,"A"
"850","USGS","07141220",2021-02-02,4.16,"A"
"851","USGS","07141220",2021-02-03,4.16,"A"
"852","USGS","07141220",2021-02-04,4.16,"A"
"853","USGS","07141220",2021-02-05,4.17,"A"
"854","USGS","07141220",2021-02-06,4.16,"A"
"855","USGS","07141220",2021-02-07,4.3,"A"
"856","USGS","07141220",2021-02-08,4.45,"A"
"857","USGS","07141220",2021-02-09,4.39,"A"
"858","USGS","07141220",2021-02-10,4.38,"A"
"859","USGS","07141220",2021-02-11,4.38,"A"
"860","USGS","07141220",2021-02-12,4.42,"A"
"861","USGS","07141220",2021-02-13,4.47,"A"
"862","USGS","07141220",2021-02-14,4.44,"A"
"863","USGS","07141220",2021-02-15,4.46,"A"
"864","USGS","07141220",2021-02-16,4.58,"A"
"865","USGS","07141220",2021-02-17,4.61,"A"
"866","USGS","07141220",2021-02-19,4.65,"A"
"867","USGS","07141220",2021-02-20,4.61,"A"
"868","USGS","07141220",2021-02-21,4.51,"A"
"869","USGS","07141220",2021-02-22,4.35,"A"
"870","USGS","07141220",2021-02-23,4.19,"A"
"871","USGS","07141220",2021-02-24,4.18,"A"
"872","USGS","07141220",2021-02-25,4.18,"A"
"873","USGS","07141220",2021-02-26,4.18,"A"
"874","USGS","07141220",2021-02-27,4.19,"A"
"875","USGS","07141220",2021-02-28,4.19,"A"
"876","USGS","07141220",2021-03-01,4.19,"A"
"877","USGS","07141220",2021-03-02,4.21,"A"
"878","USGS","07141220",2021-03-03,4.21,"A"
"879","USGS","07141220",2021-03-04,4.22,"A"
"880","USGS","07141220",2021-03-05,4.24,"A"
"881","USGS","07141220",2021-03-06,4.23,"A"
"882","USGS","07141220",2021-03-07,4.21,"A"
"883","USGS","07141220",2021-03-08,4.2,"A"
"884","USGS","07141220",2021-03-09,4.2,"A"
"885","USGS","07141220",2021-03-10,4.2,"A"
"886","USGS","07141220",2021-03-11,4.19,"A"
"887","USGS","07141220",2021-03-12,4.21,"A"
"888","USGS","07141220",2021-03-13,4.22,"A"
"889","USGS","07141220",2021-03-14,4.35,"A"
"890","USGS","07141220",2021-03-15,4.34,"A"
"891","USGS","07141220",2021-03-16,4.33,"A"
"892","USGS","07141220",2021-03-17,4.34,"A"
"893","USGS","07141220",2021-03-18,4.34,"A"
"894","USGS","07141220",2021-03-19,4.36,"A"
"895","USGS","07141220",2021-03-20,4.38,"A"
"896","USGS","07141220",2021-03-21,4.41,"A"
"897","USGS","07141220",2021-03-22,4.54,"A"
"898","USGS","07141220",2021-03-23,4.7,"A"
"899","USGS","07141220",2021-03-24,5.14,"A"
"900","USGS","07141220",2021-03-25,5.23,"A"
"901","USGS","07141220",2021-03-26,5.53,"A"
"902","USGS","07141220",2021-03-27,5.56,"A"
"903","USGS","07141220",2021-03-28,5.54,"A"
"904","USGS","07141220",2021-03-29,5.39,"A"
"905","USGS","07141220",2021-03-30,5.23,"A"
"906","USGS","07141220",2021-03-31,5.08,"A"
"907","USGS","07141220",2021-04-01,4.96,"A"
"908","USGS","07141220",2021-04-02,4.88,"A"
"909","USGS","07141220",2021-04-03,4.83,"A"
"910","USGS","07141220",2021-04-04,4.8,"A"
"911","USGS","07141220",2021-04-05,4.75,"A"
"912","USGS","07141220",2021-04-06,4.67,"A"
"913","USGS","07141220",2021-04-07,4.64,"A"
"914","USGS","07141220",2021-04-08,4.61,"A"
"915","USGS","07141220",2021-04-09,4.58,"A"
"916","USGS","07141220",2021-04-10,4.56,"A"
"917","USGS","07141220",2021-04-11,4.53,"A"
"918","USGS","07141220",2021-04-12,4.49,"A"
"919","USGS","07141220",2021-04-13,4.47,"A"
"920","USGS","07141220",2021-04-14,4.46,"A"
"921","USGS","07141220",2021-04-15,4.45,"A"
"922","USGS","07141220",2021-04-16,4.45,"A"
"923","USGS","07141220",2021-04-17,4.44,"A"
"924","USGS","07141220",2021-04-18,4.43,"A"
"925","USGS","07141220",2021-04-19,4.42,"A"
"926","USGS","07141220",2021-04-20,4.42,"A"
"927","USGS","07141220",2021-04-21,4.42,"A"
"928","USGS","07141220",2021-04-22,4.42,"A"
"929","USGS","07141220",2021-04-23,4.41,"A"
"930","USGS","07141220",2021-04-24,4.41,"A"
"931","USGS","07141220",2021-04-25,4.42,"A"
"932","USGS","07141220",2021-04-26,4.42,"A"
"933","USGS","07141220",2021-04-27,4.41,"A"
"934","USGS","07141220",2021-04-28,4.4,"A"
"935","USGS","07141220",2021-04-29,4.39,"A"
"936","USGS","07141220",2021-04-30,4.38,"A"
"937","USGS","07141220",2021-05-01,4.37,"A"
"938","USGS","07141220",2021-05-02,4.36,"A"
"939","USGS","07141220",2021-05-03,4.46,"A"
"940","USGS","07141220",2021-05-04,4.43,"A"
"941","USGS","07141220",2021-05-05,4.43,"A"
"942","USGS","07141220",2021-05-06,4.41,"A"
"943","USGS","07141220",2021-05-07,4.4,"A"
"944","USGS","07141220",2021-05-08,4.39,"A"
"945","USGS","07141220",2021-05-09,4.37,"A"
"946","USGS","07141220",2021-05-10,4.36,"A"
"947","USGS","07141220",2021-05-11,4.38,"A"
"948","USGS","07141220",2021-05-12,4.37,"A"
"949","USGS","07141220",2021-05-13,4.36,"A"
"950","USGS","07141220",2021-05-14,4.36,"A"
"951","USGS","07141220",2021-05-15,4.43,"A"
"952","USGS","07141220",2021-05-16,4.47,"A"
"953","USGS","07141220",2021-05-17,4.4,"A"
"954","USGS","07141220",2021-05-18,4.45,"A"
"955","USGS","07141220",2021-05-19,6.11,"A"
"956","USGS","07141220",2021-05-20,8.01,"A"
"957","USGS","07141220",2021-05-21,6.44,"A"
"958","USGS","07141220",2021-05-22,5.6,"A"
"959","USGS","07141220",2021-05-23,5.3,"A"
"960","USGS","07141220",2021-05-24,5.11,"A"
"961","USGS","07141220",2021-05-25,4.97,"A"
"962","USGS","07141220",2021-05-26,4.85,"A"
"963","USGS","07141220",2021-05-27,4.78,"A"
"964","USGS","07141220",2021-05-28,4.78,"A"
"965","USGS","07141220",2021-05-29,4.78,"A"
"966","USGS","07141220",2021-05-30,4.79,"A"
"967","USGS","07141220",2021-05-31,4.78,"A"
"968","USGS","07141220",2021-06-01,4.77,"A"
"969","USGS","07141220",2021-06-02,4.71,"A"
"970","USGS","07141220",2021-06-03,4.62,"A"
"971","USGS","07141220",2021-06-04,4.59,"A"
"972","USGS","07141220",2021-06-05,4.58,"A"
"973","USGS","07141220",2021-06-06,4.57,"A"
"974","USGS","07141220",2021-06-07,4.56,"A"
"975","USGS","07141220",2021-06-08,4.54,"A"
"976","USGS","07141220",2021-06-09,4.51,"A"
"977","USGS","07141220",2021-06-10,4.49,"A"
"978","USGS","07141220",2021-06-11,4.46,"A"
"979","USGS","07141220",2021-06-12,4.44,"A"
"980","USGS","07141220",2021-06-13,4.42,"A"
"981","USGS","07141220",2021-06-14,4.4,"A"
"982","USGS","07141220",2021-06-15,4.37,"A"
"983","USGS","07141220",2021-06-16,4.35,"A"
"984","USGS","07141220",2021-06-17,4.32,"A"
"985","USGS","07141220",2021-06-18,4.29,"A"
"986","USGS","07141220",2021-06-19,4.27,"A"
"987","USGS","07141220",2021-06-20,4.24,"A"
"988","USGS","07141220",2021-06-21,4.22,"A"
"989","USGS","07141220",2021-06-22,4.2,"A"
"990","USGS","07141220",2021-06-23,4.18,"A"
"991","USGS","07141220",2021-06-24,4.16,"A"
"992","USGS","07141220",2021-06-25,4.2,"A"
"993","USGS","07141220",2021-06-26,4.3,"A"
"994","USGS","07141220",2021-06-27,4.2,"A"
"995","USGS","07141220",2021-06-28,4.18,"A"
"996","USGS","07141220",2021-06-29,4.18,"A"
"997","USGS","07141220",2021-06-30,4.2,"A"
"998","USGS","07141220",2021-07-01,4.44,"A"
"999","USGS","07141220",2021-07-02,4.53,"A"
"1000","USGS","07141220",2021-07-03,6.5,"A"
"1001","USGS","07141220",2021-07-04,6.19,"A"
"1002","USGS","07141220",2021-07-05,5.45,"A"
"1003","USGS","07141220",2021-07-06,5.11,"A"
"1004","USGS","07141220",2021-07-07,4.95,"A"
"1005","USGS","07141220",2021-07-08,4.87,"A"
"1006","USGS","07141220",2021-07-09,4.77,"A"
"1007","USGS","07141220",2021-07-10,4.69,"A"
"1008","USGS","07141220",2021-07-11,4.62,"A"
"1009","USGS","07141220",2021-07-12,4.55,"A"
"1010","USGS","07141220",2021-07-13,4.49,"A"
"1011","USGS","07141220",2021-07-14,4.43,"A"
"1012","USGS","07141220",2021-07-15,4.42,"A"
"1013","USGS","07141220",2021-07-16,4.37,"A"
"1014","USGS","07141220",2021-07-17,4.33,"A"
"1015","USGS","07141220",2021-07-18,4.35,"A"
"1016","USGS","07141220",2021-07-19,4.29,"A"
"1017","USGS","07141220",2021-07-20,4.44,"A"
"1018","USGS","07141220",2021-07-21,4.54,"A"
"1019","USGS","07141220",2021-07-22,4.43,"A"
"1020","USGS","07141220",2021-07-23,4.36,"A"
"1021","USGS","07141220",2021-07-24,4.3,"A"
"1022","USGS","07141220",2021-07-25,4.26,"A"
"1023","USGS","07141220",2021-07-26,4.22,"A"
"1024","USGS","07141220",2021-07-27,4.18,"A"
"1025","USGS","07141220",2021-07-28,4.15,"A"
"1026","USGS","07141220",2021-07-29,4.12,"A"
"1027","USGS","07141220",2021-07-30,4.1,"A"
"1028","USGS","07141220",2021-07-31,4.08,"A"
"1029","USGS","07141220",2021-08-01,4.06,"A"
"1030","USGS","07141220",2021-08-02,4.05,"A"
"1031","USGS","07141220",2021-08-03,4.03,"A"
"1032","USGS","07141220",2021-08-04,4.02,"A"
"1033","USGS","07141220",2021-08-05,4,"A"
"1034","USGS","07141220",2021-08-06,3.99,"A"
"1035","USGS","07141220",2021-08-07,3.98,"A"
"1036","USGS","07141220",2021-08-08,3.98,"A"
"1037","USGS","07141220",2021-08-09,3.95,"A"
"1038","USGS","07141220",2021-08-10,3.94,"A"
"1039","USGS","07141220",2021-08-11,3.94,"A"
"1040","USGS","07141220",2021-08-12,3.91,"A"
"1041","USGS","07141220",2021-08-13,4,"A"
"1042","USGS","07141220",2021-08-14,3.96,"A"
"1043","USGS","07141220",2021-08-15,3.94,"A"
"1044","USGS","07141220",2021-08-16,3.97,"A"
"1045","USGS","07141220",2021-08-17,3.95,"A"
"1046","USGS","07141220",2021-08-18,3.92,"A"
"1047","USGS","07141220",2021-08-19,3.93,"A"
"1048","USGS","07141220",2021-08-20,3.92,"A"
"1049","USGS","07141220",2021-08-21,3.89,"A"
"1050","USGS","07141220",2021-08-22,3.86,"A"
"1051","USGS","07141220",2021-08-23,3.83,"A"
"1052","USGS","07141220",2021-08-24,3.86,"A"
"1053","USGS","07141220",2021-08-25,4.36,"A"
"1054","USGS","07141220",2021-08-26,4.37,"A"
"1055","USGS","07141220",2021-08-27,4.33,"A"
"1056","USGS","07141220",2021-08-28,4.28,"A"
"1057","USGS","07141220",2021-08-29,4.26,"A"
"1058","USGS","07141220",2021-08-30,4.21,"A"
"1059","USGS","07141220",2021-08-31,4.17,"A"
"1060","USGS","07141220",2021-09-01,4.12,"A"
"1061","USGS","07141220",2021-09-02,4.08,"A"
"1062","USGS","07141220",2021-09-03,4.07,"A"
"1063","USGS","07141220",2021-09-04,4.13,"A"
"1064","USGS","07141220",2021-09-05,4.05,"A"
"1065","USGS","07141220",2021-09-06,4.02,"A"
"1066","USGS","07141220",2021-09-07,3.99,"A"
"1067","USGS","07141220",2021-09-08,3.97,"A"
"1068","USGS","07141220",2021-09-09,3.95,"A"
"1069","USGS","07141220",2021-09-10,3.93,"A"
"1070","USGS","07141220",2021-09-11,3.9,"A"
"1071","USGS","07141220",2021-09-12,3.87,"A"
"1072","USGS","07141220",2021-09-13,3.85,"A"
"1073","USGS","07141220",2021-09-14,3.86,"A"
"1074","USGS","07141220",2021-09-15,4.12,"A"
"1075","USGS","07141220",2021-09-16,3.98,"A"
"1076","USGS","07141220",2021-09-17,3.95,"A"
"1077","USGS","07141220",2021-09-18,3.92,"A"
"1078","USGS","07141220",2021-09-19,3.9,"A"
"1079","USGS","07141220",2021-09-20,3.89,"A"
"1080","USGS","07141220",2021-09-21,3.86,"A"
"1081","USGS","07141220",2021-09-22,3.85,"A"
"1082","USGS","07141220",2021-09-23,3.84,"A"
"1083","USGS","07141220",2021-09-24,3.81,"A"
"1084","USGS","07141220",2021-09-25,3.82,"A"
"1085","USGS","07141220",2021-09-26,3.8,"A"
"1086","USGS","07141220",2021-09-27,3.77,"A"
"1087","USGS","07141220",2021-09-28,3.76,"A"
"1088","USGS","07141220",2021-09-29,3.76,"A"
"1089","USGS","07141220",2021-09-30,3.79,"A"
